CUST_ORD_NBR,SVC_LINE_NBR,SVC_NOTE_NBR,STR_LOC_ID,LAST_UPD_SNSH_ID,LAST_UPD_TS,SRC_CRT_TS,CRT_USER_AUD_ID,TKLR_BIN_CD,FLLW_UP_DT,CLS_DT,CLS_USER_AUD_ID,SRC_LAST_UPD_TS,SVC_NOTE_TXT,PREV_TKLR_BIN_CD,TBIN_UPD_USER_ID,TBIN_UPD_TS,CRT_SRC_MOD_ID,UPD_SRC_MOD_ID,ASSG_ASSOC_USER_ID,ACTV_FLG
589107,1,1,258,20150428,27Apr2015 13:26:50.481,17Mar2015 13:29:34.356,RXB5688,11,17Mar2015,18Mar2015,CMV407,18Mar2015 8:26:51.893,"Claudia, contacted Jason and customer is schedule for Friday btw 3 to 6 p.m.",-1,,,,,CMV407,Y
589107,1,2,258,20150428,27Apr2015 13:26:50.480,17Mar2015 13:30:25.067,RXB5688,11,21Mar2015,23Mar2015,SAM5433,23Mar2015 13:30:47.285,Check for measurement on Saturday.,-1,,,,,RXB5688,Y
589107,6,1,258,20150428,27Apr2015 13:26:50.504,24Mar2015 15:23:15.591,RXB5688,11,03Apr2015,06Apr2015,RXB5688,06Apr2015 16:25:04.274,Follow up on blinds on 4/3/15,-1,,,,,RXB5688,Y
589107,1,3,258,20150428,27Apr2015 13:26:50.504,25Mar2015 11:55:55.202,RXB5688,4,,,,25Mar2015 11:55:55.202,"3/24/15, 11:40 a.m., Spoke with Jason regarding the payment of $50 for each motorized blind.  Jason agreed to waive the $50 because I mentioned that the cost was not found in the specs or noticed on the measure document.",-1,,,,,,Y
589107,6,2,258,20150428,27Apr2015 13:26:50.480,25Mar2015 18:39:50.149,VNDR,4,,,,25Mar2015 18:39:50.149,** FROM VNDR ATTN:: S0601 RESCHEDULED - DUE TO OUT OF STOCK 2015-04-08: S0602 RESCHEDULED - DUE TO OUT OF STOCK 2015-04-08: S0603 RESCHEDULED - DUE TO OUT OF STOCK 2015-04-08: S0604 RESCHEDULED - DUE TO OUT OF STOCK 2015-04-08 ** CONTINUED,-1,,,,,,Y
589107,6,3,258,20150428,27Apr2015 13:26:50.504,25Mar2015 18:39:50.164,VNDR,4,,,,25Mar2015 18:39:50.164,** FROM VNDR ATTN: S0605 RESCHEDULED - DUE TO OUT OF STOCK 2015-04-08: S0606 RESCHEDULED - DUE TO OUT OF STOCK 2015-04-08: S0607 RESCHEDULED - DUE TO OUT OF STOCK 2015-04-15: S0608 RESCHEDULED - DUE TO OUT OF STOCK 2015-04-15 ** CONTINUED,-1,,,,,,Y
589107,6,4,258,20150428,27Apr2015 13:26:50.521,25Mar2015 18:39:50.169,VNDR,4,,,,25Mar2015 18:39:50.169,** FROM VNDR ATTN: S0609 RESCHEDULED - DUE TO OUT OF STOCK 2015-04-08: S0610 RESCHEDULED - DUE TO OUT OF STOCK 2015-04-08,-1,,,,,,Y
589107,6,5,258,20150428,27Apr2015 13:26:50.503,26Mar2015 13:11:46.726,CMV407,4,,,,26Mar2015 13:11:46.726,Customer has been informed that material is on B/O with anew expected ship date of 4/9 and ETA of 415,-1,,,,,,Y
589107,6,6,258,20150428,27Apr2015 13:26:50.480,26Mar2015 13:12:21.005,CMV407,11,26Mar2015,26Mar2015,RXB5688,26Mar2015 14:29:38.263,Ramona-see previous,-1,,,,,RXB5688,Y
589107,6,7,258,20150428,27Apr2015 13:26:50.481,31Mar2015 22:52:55.301,VNDR,4,,,,31Mar2015 22:52:55.301,** FROM VNDR ATTN: PRODUCT SHIPPED ON 03/31/2015 : BOL# - 373609583448402 CARRNM - RPS/FED X GROUND COMMERCIAL-ZJ MEM FREIGHT: PRO# - 373609583448402,-1,,,,,,Y
589107,1,4,258,20150428,27Apr2015 13:26:50.521,06Apr2015 11:27:35.518,RXB5688,3,,06Apr2015,LXW9523,06Apr2015 13:16:17.172,"Jason, please contact customer for installing blinds already received.",-1,,,,,,Y
589107,1,5,258,20150428,27Apr2015 13:26:50.503,06Apr2015 11:28:59.447,RXB5688,11,06Apr2015,06Apr2015,CMV407,06Apr2015 13:51:54.849,"Claudia, Jason agreed to install blinds already received. Jason is requesting a $50 trip charge for a return install visit.",-1,,,,,CMV407,Y
589107,1,6,258,20150428,27Apr2015 13:26:50.480,06Apr2015 13:16:38.026,INSTLR,5,06Apr2015,06Apr2015,CMV407,06Apr2015 14:03:53.668,"**FROM D59 SVC PROV:IM ONLY SHOWING 1 BLIND RECD. WAITING ON THE OTHERS. THANKS! : LASHONDA,WILLIAMS",-1,,,,,,Y
589107,7,1,258,20150428,27Apr2015 13:26:50.504,06Apr2015 13:55:21.432,CMV407,3,,07Apr2015,LXW9523,07Apr2015 12:01:59.361,Here's the trip charge to install on 2 separate days,-1,,,,,,Y
589107,1,7,258,20150428,27Apr2015 13:26:50.481,06Apr2015 16:06:46.944,RXB5688,3,,07Apr2015,LXW9523,07Apr2015 12:02:27.095,"Jason, since the 2nd round of blinds are schedule for shipmnet on 4/15 and the 3rd round of blinds on 4/20, please contact customer after you receive the 2nd round of blind shipment.",-1,,,,,,Y
589107,1,8,258,20150428,27Apr2015 13:26:50.480,06Apr2015 16:07:19.751,RXB5688,11,15Apr2015,16Apr2015,RXB5688,16Apr2015 9:48:37.678,Follow up  on blind Delivery.,-1,,,,,RXB5688,Y
589107,1,9,258,20150428,27Apr2015 13:26:50.504,07Apr2015 12:02:51.660,INSTLR,5,07Apr2015,07Apr2015,CMV407,07Apr2015 13:47:49.561,"**FROM D59 SVC PROV:THANKS, REC'D PO FOR TRIP BACK OUT FOR THE 3RD ROUND. : LASHONDA,WILLIAMS",-1,,,,,,Y
589107,6,8,258,20150428,27Apr2015 13:26:50.480,08Apr2015 22:37:33.190,VNDR,4,,,,08Apr2015 22:37:33.190,** FROM VNDR ATTN: PRODUCT SHIPPED ON 04/08/2015 : BOL# - 017604517834990 CARRNM - RPS/FED X GROUND COMMERCIAL FREIGHT: PRO# - 017604517834990,-1,,,,,,Y
589107,1,10,258,20150428,27Apr2015 13:26:50.521,10Apr2015 13:51:57.667,CMV407,3,,10Apr2015,LXW9523,10Apr2015 16:19:43.422,Is anything scheduled?,-1,,,,,,Y
589107,1,11,258,20150428,27Apr2015 13:26:50.503,10Apr2015 16:20:05.428,INSTLR,5,10Apr2015,14Apr2015,CMV407,14Apr2015 12:32:19.233,"**FROM D59 SVC PROV:WE HAVE NOT RECD 2ND SHIPMENT. WE ONLY HAVE ONE BLIND. LET ME KNOW, THANKS! : LASHONDA,WILLIAMS",-1,,,,,,Y
589107,1,12,258,20150428,27Apr2015 13:26:50.480,14Apr2015 12:32:11.621,CMV407,3,,14Apr2015,LXW9523,14Apr2015 14:52:11.527,Remaining blinds will deliver via Fed Ex tomorrow,-1,,,,,,Y
589107,1,13,258,20150428,27Apr2015 13:26:50.481,16Apr2015 15:11:02.183,INSTLR,5,16Apr2015,16Apr2015,CMV407,16Apr2015 15:17:46.428,"**FROM D59 SVC PROV:CALLED AND LEFT A MESSAGE TO CALL ME BACK : JASON,PIRKLE",-1,,,,,,Y
589107,1,14,258,20150428,27Apr2015 13:26:50.480,16Apr2015 15:19:31.763,CMV407,11,16Apr2015,17Apr2015,RXB5688,17Apr2015 14:52:58.397,Ramona-see previous,-1,,,,,RXB5688,Y
589107,6,9,258,20150428,27Apr2015 13:26:50.521,21Apr2015 22:35:44.625,VNDR,4,,,,21Apr2015 22:35:44.625,** FROM VNDR ATTN: PRODUCT SHIPPED ON 04/21/2015 : BOL# - 017604518116132 CARRNM - RPS/FED X GROUND COMMERCIAL FREIGHT: PRO# - 017604518116132,-1,,,,,,Y
589107,1,15,258,20150428,27Apr2015 13:26:50.503,23Apr2015 13:32:44.545,INSTLR,5,23Apr2015,24Apr2015,CMV407,24Apr2015 7:44:17.187,"**FROM D59 SVC PROV:UPLOADED WAIVER AND REPAIR FORM : PATRICIA,SMITH",-1,,,,,,Y
589107,6,10,258,2486076,01May2015 14:51:54.024,27Apr2015 22:36:23.268,VNDR,4,,,,27Apr2015 22:36:23.268,** FROM VNDR ATTN: PRODUCT SHIPPED ON 04/26/2015 : BOL# - 017604518234072 CARRNM - RPS/FED X GROUND COMMERCIAL FREIGHT: PRO# - 017604518234072,-1,,,,,,Y
589107,8,1,258,2486076,01May2015 14:51:54.064,29Apr2015 23:14:47.229,VNDR,4,,,,29Apr2015 23:14:47.229,** FROM VNDR ATTN: PRODUCT SHIPPED ON 04/29/2015 : BOL# - 373609583902355 CARRNM - RPS/FED X GROUND COMMERCIAL-ZJ MEM FREIGHT: PRO# - 373609583902355,-1,,,,,,Y
589107,8,2,258,3390767,08May2015 18:27:43.646,01May2015 13:33:49.924,CMV407,11,05May2015,08May2015,CMV407,08May2015 12:07:08.877,Riaz-check SWF website for tracking,-1,,,,,CMV407,Y
589107,1,16,258,3375515,04May2015 18:30:42.290,01May2015 15:40:40.499,INSTLR,5,01May2015,04May2015,CMV407,04May2015 8:07:30.591,"**FROM D59 SVC PROV:JUST RECIEVED 3 MOTORIZED SHADES.   THOSE TO INSTALL ARE $50 EACH.    WE QUOTE THOSE.    WE DID NOT MEASURE FOR MOTORIZED. : JASON,PIRKLE",-1,,,,,,Y
589107,1,17,258,3375515,04May2015 18:30:42.252,01May2015 15:41:10.437,INSTLR,5,01May2015,04May2015,CMV407,04May2015 8:07:20.905,"**FROM D59 SVC PROV:SO,  PO SHOULD BE FOR PAY FOR 9 SHADES AND THEN 3 MOTORIZED AT $50 EACH. : JASON,PIRKLE",-1,,,,,,Y
589107,1,18,258,3375515,04May2015 18:30:42.243,01May2015 15:44:12.047,INSTLR,5,01May2015,04May2015,CMV407,04May2015 8:07:13.104,"**FROM D59 SVC PROV:PO NEEDS TO HAVE 3 LADDERS. ITS PAYING FOR 2.... : JASON,PIRKLE",-1,,,,,,Y
589107,8,3,258,3379325,05May2015 18:31:58.464,05May2015 10:06:44.894,CMV407,4,,,,05May2015 10:06:44.894,ETA 5/5,-1,,,,,,Y
589107,1,19,258,3379325,05May2015 18:31:58.464,05May2015 11:35:47.226,INSTLR,5,05May2015,05May2015,CMV407,05May2015 11:41:09.100,"**FROM D59 SVC PROV:CALLED AND LEFT A MESSAGE FOR THE CUSTOMER TO CALL ME BACK. : JASON,PIRKLE",-1,,,,,,Y
589107,7,2,258,3402134,11May2015 18:30:40.820,08May2015 12:06:47.768,CMV407,11,08May2015,11May2015,CMV407,11May2015 10:55:02.566,Saumi-install date?,-1,,,,,CMV407,Y
589107,1,20,258,3398313,10May2015 18:31:39.100,08May2015 15:19:16.300,INSTLR,5,08May2015,10May2015,SAM5433,10May2015 10:34:06.219,"**FROM D59 SVC PROV:SCHEDULED FOR TUE 5/12/2015 : JASON,PIRKLE",-1,,,,,,Y
589107,1,21,258,3417501,15May2015 18:27:15.030,14May2015 16:04:00.636,INSTLR,5,14May2015,15May2015,CMV407,15May2015 7:55:42.995,"**FROM D59 SVC PROV:UPLOADED WAIVER. REPAIR FORM ATTACHED. PLEASE ADVISE, THANKS! ALSO SEEMS WE ARE MISSING 1- MORE LADDER FEE. LET ME KNOW, THANKS! : LASHONDA,WILLIAMS",-1,,,,,,Y
589107,1,22,258,3439959,21May2015 18:29:30.862,15May2015 7:55:32.760,CMV407,11,15May2015,21May2015,RXB5688,21May2015 9:42:06.825,Ramona-see previous and advise. I printed the repair order too.,-1,,,,,RXB5688,Y
589107,1,23,258,3417501,15May2015 18:27:15.030,15May2015 14:54:17.003,RXB5688,3,,15May2015,LXW9523,15May2015 16:00:47.658,"Jason, I requested three battery install kits instead of the four that Jimmy requested because the customer only order three motorized blinds.  BBN should received these kits on Thursday, 5/21.",-1,,,,,,Y
589107,1,24,258,3427272,18May2015 7:40:59.726,15May2015 16:00:38.286,INSTLR,5,15May2015,18May2015,CMV407,18May2015 6:40:36.217,"**FROM D59 SVC PROV:OKAY, THANKS! : LASHONDA,WILLIAMS",-1,,,,,,Y
589107,1,25,258,3467021,28May2015 18:24:15.790,27May2015 10:41:05.846,INSTLR,5,27May2015,28May2015,CMV407,28May2015 8:37:46.286,"**FROM D59 SVC PROV:HI- DO WE HAVE A NEW TRIP TO GO OUT ON THIS JOB FOR THE BATTY KITS AND LADDER FEES. PLEASE LET ME KNOW ON THIS. THANKS! : LASHONDA,WILLIAMS",-1,,,,,,Y
589107,1,26,258,3467021,28May2015 18:24:15.790,27May2015 10:42:06.386,INSTLR,5,27May2015,28May2015,CMV407,28May2015 8:37:56.529,"**FROM D59 SVC PROV:ALSO - STILL MISSING 1 MORE LADDER FEE FROM ORIG INSTALL. THANKS! : LASHONDA,WILLIAMS",-1,,,,,,Y
589107,1,27,258,3467021,28May2015 18:24:15.790,28May2015 8:39:40.004,CMV407,3,,28May2015,LXW9523,28May2015 12:59:24.642,Customer may be reselecting because the color on the original order is no longer available. We'll addresss all of the labor issues when she decides how she wants to move forward,-1,,,,,,Y
589107,9,1,258,3467021,28May2015 18:24:15.790,28May2015 8:42:48.643,CMV407,3,,28May2015,LXW9523,28May2015 10:47:07.389,Here's the addtional ladder charge for the first install,-1,,,,,,Y
589107,9,2,258,3467021,28May2015 18:24:15.759,28May2015 10:47:23.120,INSTLR,5,28May2015,28May2015,CMV407,28May2015 14:57:19.516,"**FROM D59 SVC PROV:GOT IT, THANKS! : LASHONDA,WILLIAMS",-1,,,,,,Y
589107,1,28,258,3467021,28May2015 18:24:15.790,28May2015 13:00:29.344,INSTLR,5,28May2015,28May2015,CMV407,28May2015 14:57:09.172,"**FROM D59 SVC PROV:HI- SO ARE WE HOLDING OFF ON THE MOTORIZED BATTERY KITS? LET ME KNOW, THANKS! : LASHONDA,WILLIAMS",-1,,,,,,Y
589107,9,3,258,3467021,28May2015 18:24:15.774,28May2015 14:57:00.522,CMV407,11,28May2015,28May2015,RXB5688,28May2015 15:29:27.769,Ramona-please see previous notes and respond to the installer,-1,,,,,RXB5688,Y
589107,10,1,258,3470717,29May2015 18:21:14.485,29May2015 11:06:00.689,CMV407,3,,29May2015,LXW9523,29May2015 12:55:52.700,Lashinda-here's the trip charge for the battery packs.,-1,,,,,,Y
589107,10,2,258,3474574,30May2015 18:23:39.722,29May2015 11:07:05.389,CMV407,11,29May2015,30May2015,RXB5688,30May2015 12:47:49.480,Ramona-please call vendor for an RGA for the $50 trip charge that we have because the battery packs were missing,-1,,,,,RXB5688,Y
589107,10,3,258,3587519,02Jul2015 18:23:51.292,29May2015 12:55:02.891,CMV407,11,30Jun2015,02Jul2015,CMV407,02Jul2015 11:45:36.990,Saumi-process trip charge RGA,-1,,,,,CMV407,Y
589107,10,4,258,3470717,29May2015 18:21:14.491,29May2015 12:56:19.078,INSTLR,5,29May2015,29May2015,CMV407,29May2015 13:41:37.343,"**FROM D59 SVC PROV:THANKS, SO IS THIS OKAY TO SCHEDULE? ARE WE WAITING FOR CUSTOMER ON COLOR? LET ME KNOW, THANKS! : LASHONDA,WILLIAMS",-1,,,,,,Y
589107,10,5,258,3470717,29May2015 18:21:14.629,29May2015 13:41:13.477,CMV407,3,,29May2015,LXW9523,29May2015 15:02:32.751,Yes please schedule. We are going to be reordering 6 blinds in a different color due to the customer's concerns about the cords. The current color has been discontinued. What fun!!,-1,,,,,,Y
589107,10,6,258,3482233,01Jun2015 18:21:01.889,29May2015 15:02:50.500,INSTLR,5,29May2015,01Jun2015,SAM5433,01Jun2015 9:22:11.846,"**FROM D59 SVC PROV:LOL! WILL LET YOU KNOW WHEN SET. : LASHONDA,WILLIAMS",-1,,,,,,Y
589107,1,29,258,3493773,04Jun2015 18:21:28.767,03Jun2015 11:25:43.123,INSTLR,5,03Jun2015,04Jun2015,SAM5433,04Jun2015 9:26:30.643,"**FROM D59 SVC PROV:CALLED AND LEFT  A MESSAGE TO CALL ME BACK : JASON,PIRKLE",-1,,,,,,Y
589107,1,30,258,3493773,04Jun2015 18:21:28.787,03Jun2015 13:38:55.124,INSTLR,5,03Jun2015,04Jun2015,SAM5433,04Jun2015 9:26:21.882,"**FROM D59 SVC PROV:SCHEDULED FOR WED 6/10/2015 : JASON,PIRKLE",-1,,,,,,Y
589107,1,31,258,3517410,11Jun2015 18:21:48.666,11Jun2015 10:33:22.986,INSTLR,5,11Jun2015,11Jun2015,CMV407,11Jun2015 13:27:03.579,"**FROM D59 SVC PROV:UPLOADED WAIVER 6/11/15. THANKS! : LASHONDA,WILLIAMS",-1,,,,,,Y
589107,7,3,258,3517410,11Jun2015 18:21:48.666,11Jun2015 10:36:06.333,INSTLR,5,11Jun2015,11Jun2015,CMV407,11Jun2015 13:26:50.748,"**FROM D59 SVC PROV:UPLOADED WAIVER 6/11/15. THANKS! : LASHONDA,WILLIAMS",-1,,,,,,Y
589107,9,4,258,3517410,11Jun2015 18:21:48.668,11Jun2015 10:37:54.403,INSTLR,5,11Jun2015,11Jun2015,CMV407,11Jun2015 13:26:43.446,"**FROM D59 SVC PROV:UPLOADED WAIVER 6/11/15. THANKS! : LASHONDA,WILLIAMS",-1,,,,,,Y
589107,11,1,258,3529663,15Jun2015 9:39:37.635,12Jun2015 10:32:37.651,CMV407,11,12Jun2015,15Jun2015,RXB5688,15Jun2015 8:49:49.708,Ramona-the blinds have an expected delivery date of 6/17,-1,,,,,RXB5688,Y
589107,11,2,258,3561228,24Jun2015 18:20:11.095,22Jun2015 13:39:06.969,CMV407,11,22Jun2015,24Jun2015,RXB5688,24Jun2015 12:56:07.309,Ramona-the blinds are still in production and are estimated to ship from California on 6/25,-1,,,,,RXB5688,Y
589107,11,3,258,3559737,24Jun2015 7:31:49.628,23Jun2015 22:34:43.155,VNDR,4,,,,23Jun2015 22:34:43.155,** FROM VNDR ATTN: PRODUCT SHIPPED ON 06/23/2015 : BOL# - 017604519552939 CARRNM - RPS/FED X GROUND COMMERCIAL FREIGHT: PRO# - 017604519552939,-1,,,,,,Y
589107,11,4,258,3601030,06Jul2015 18:26:20.830,26Jun2015 12:07:20.498,RXB5688,11,30Jun2015,06Jul2015,RXB5688,06Jul2015 15:18:29.421,"6/30, follow up on blind delivery",-1,,,,,RXB5688,Y
589107,1,32,258,3587519,02Jul2015 18:23:51.251,02Jul2015 11:21:11.867,RTN01,5,02Jul2015,02Jul2015,CMV407,02Jul2015 11:37:19.579,CMV407 Returned S06 Merchandise at Customer,-1,,,,,,Y
589107,6,11,258,3587519,02Jul2015 18:23:51.294,02Jul2015 11:27:42.557,CMV407,4,,,,02Jul2015 11:27:42.557,RGA # 3375009 for lines SO601 thru 605 and 610,-1,,,,,,Y
589107,10,7,258,3631165,15Jul2015 18:19:36.507,10Jul2015 14:59:14.986,RXB5688,11,13Jul2015,15Jul2015,CMV407,15Jul2015 11:39:27.013,"Claudia, installation pricing: $7 each for blind removal, $7 each for haul away, $50 each for motorized and $19 for ladder.",-1,,,,,CMV407,Y
589107,10,8,258,3614191,10Jul2015 18:19:49.023,10Jul2015 15:06:00.940,RXB5688,4,,,,10Jul2015 15:06:00.940,Contact Leon with Bail and asked him to contact customer about programming the motorized control.,-1,,,,,,Y
589107,13,1,258,3631165,15Jul2015 18:19:36.512,15Jul2015 11:39:15.375,CMV407,3,,15Jul2015,LXW9523,15Jul2015 16:22:11.066,"Lashonda-here's a new PO that I believe covers everything that you need for the install of the replacements. If there's anything that I missed please let me know and call the customer to schedule. Thanks, Claudia",-1,,,,,,Y
589107,13,2,258,3634453,16Jul2015 18:19:06.205,15Jul2015 16:22:36.066,INSTLR,5,15Jul2015,16Jul2015,CMV407,16Jul2015 8:21:50.270,"**FROM D59 SVC PROV:CLAUDIA- ARE WE DOING THE HIGH WINDOWS? LET ME KNOW, THANKS! : LASHONDA,WILLIAMS",-1,,,,,,Y
589107,13,3,258,3634453,16Jul2015 18:19:06.212,16Jul2015 8:21:41.445,CMV407,3,,16Jul2015,LXW9523,16Jul2015 8:56:22.518,I believe so. Can we do a change order after the install? Home Depot is covering the expense.,-1,,,,,,Y
589107,13,4,258,3634453,16Jul2015 18:19:06.193,16Jul2015 8:57:02.022,INSTLR,5,16Jul2015,16Jul2015,CMV407,16Jul2015 11:25:02.678,"**FROM D59 SVC PROV:THANKS, HAD TO KNOW ON LADDERS SO CAN LET INSTALLER KNOW. WILL LET YOU KNOW WHEN SET. LET ME KNOW ON LADDERS LATER. THANKS! : LASHONDA,WILLIAMS",-1,,,,,,Y
589107,13,5,258,3634453,16Jul2015 18:19:06.212,16Jul2015 11:24:56.081,CMV407,3,,16Jul2015,LXW9523,16Jul2015 12:11:48.885,Perfect!! I'm anxious to get her scheduled before something else changes.,-1,,,,,,Y
589107,13,6,258,3647988,20Jul2015 18:27:40.874,20Jul2015 13:51:27.547,INSTLR,5,20Jul2015,20Jul2015,CMV407,20Jul2015 15:27:22.791,"**FROM D59 SVC PROV:SCHEDULED FOR THURSDAY 7/27/2015 : JASON,PIRKLE",-1,,,,,,Y
589107,14,1,258,3658175,23Jul2015 18:23:50.881,23Jul2015 14:31:26.826,DRL1707,4,,,,23Jul2015 14:31:26.826,7/23... Cancel Installer Pickup Line Status From Done.. The installer did not take the blinds... The blind are located in Sd-23...,-1,,,,,,Y
589107,13,7,258,3678129,29Jul2015 18:21:21.380,28Jul2015 15:33:11.677,INSTLR,5,28Jul2015,29Jul2015,CMV407,29Jul2015 7:45:58.350,"**FROM D59 SVC PROV:UPLOADED WAIVER 7/28/15. REPAIR FORM ATTACHED. PLEASE ADVISE, THANKS! : LASHONDA,WILLIAMS",-1,,,,,,Y
589107,11,5,258,3678129,29Jul2015 18:21:21.379,29Jul2015 7:45:46.938,CMV407,11,29Jul2015,29Jul2015,RXB5688,29Jul2015 12:23:02.144,Ramona-please call and get an RGA for the damaged blinds and the trip charge,-1,,,,,RXB5688,Y
589107,13,8,258,3678129,29Jul2015 18:21:21.377,29Jul2015 7:48:05.949,CMV407,3,,29Jul2015,LXW9523,29Jul2015 12:07:26.599,Lashonda-I key rec'd the install line and added a trip charge PO with 2  ladder charges. New blinds are shipping to BBN,-1,,,,,,Y
589107,13,9,258,3678129,29Jul2015 18:21:21.379,29Jul2015 12:07:38.393,INSTLR,5,29Jul2015,29Jul2015,CMV407,29Jul2015 12:08:01.630,"**FROM D59 SVC PROV:OKAY, THANKS! : LASHONDA,WILLIAMS",-1,,,,,,Y
589107,15,1,258,3701734,05Aug2015 18:19:27.486,30Jul2015 12:42:20.962,RXB5688,11,05Aug2015,05Aug2015,RXB5688,05Aug2015 14:18:24.135,"8/5, follow up on Saumi blind replacement order.",-1,,,,,RXB5688,Y
589107,15,2,258,3683351,31Jul2015 7:31:45.238,30Jul2015 22:39:54.142,VNDR,4,,,,30Jul2015 22:39:54.142,** FROM VNDR ATTN: PRODUCT SHIPPED ON 07/30/2015 : BOL# - 017604520325973 CARRNM - RPS/FED X GROUND COMMERCIAL FREIGHT: PRO# - 017604520325973,-1,,,,,,Y
589107,16,1,258,3701734,05Aug2015 18:19:27.511,05Aug2015 10:32:54.342,INSTLR,5,05Aug2015,05Aug2015,CMV407,05Aug2015 15:06:30.868,"**FROM D59 SVC PROV:CLAUDIA- ORIG BLINDS FIELD DESTROY? LET ME KNOW, THANKS! : LASHONDA,WILLIAMS",-1,,,,,,Y
589107,16,2,258,3701734,05Aug2015 18:19:27.513,05Aug2015 14:16:41.399,RXB5688,3,,05Aug2015,LXW9523,05Aug2015 15:35:38.938,"8/5, I was informed by Bali that you received the replacement blinds for Saumi on yesterday, 8/4.  When you reschedule the installation with her, please pick up the remainding blinds located at the service desk.",-1,,,,,,Y
589107,16,3,258,3701734,05Aug2015 18:19:27.485,05Aug2015 15:07:25.577,CMV407,3,,05Aug2015,LXW9523,05Aug2015 15:35:50.636,Lashonda-they are a field destroy,-1,,,,,,Y
589107,16,4,258,3705105,06Aug2015 18:21:39.476,05Aug2015 15:36:20.804,INSTLR,5,05Aug2015,06Aug2015,CMV407,06Aug2015 8:30:32.982,"**FROM D59 SVC PROV:HI- WHAT ARE WE PICKING UP?? NEED $25 PO TO P/U. LET ME KNOW MORE ON THIS. THANKS! : LASHONDA,WILLIAMS",-1,,,,,,Y
589107,16,5,258,3705105,06Aug2015 18:21:39.296,06Aug2015 8:30:24.952,CMV407,3,,06Aug2015,LXW9523,06Aug2015 10:35:43.283,Lashonda-these are the blinds that the installer didn't take with him the first time he was here because 2 were damaged as we discussed yesterday afternoon.,-1,,,,,,Y
589107,16,6,258,3705105,06Aug2015 18:21:39.520,06Aug2015 10:36:04.255,INSTLR,5,06Aug2015,06Aug2015,CMV407,06Aug2015 11:17:24.627,"**FROM D59 SVC PROV:I PUT THE NOTE IN BEFORE I CALLED YOU. THANKS! : LASHONDA,WILLIAMS",-1,,,,,,Y
589107,16,7,258,3722287,11Aug2015 18:23:37.073,11Aug2015 10:13:44.350,INSTLR,5,11Aug2015,11Aug2015,CMV407,11Aug2015 13:19:42.993,"**FROM D59 SVC PROV:CALLED AND LEFT A MESSAGE TO CALL ME BACK. : JASON,PIRKLE",-1,,,,,,Y
589107,13,10,258,3725642,12Aug2015 18:23:42.321,12Aug2015 13:13:50.276,INSTLR,5,12Aug2015,12Aug2015,CMV407,12Aug2015 13:40:20.891,"**FROM D59 SVC PROV:SCHEDULED FOR MONDAY 8/17/2015 : JASON,PIRKLE",-1,,,,,,Y
589107,14,2,258,3742719,17Aug2015 18:26:37.285,17Aug2015 10:46:50.085,ACW178,4,,,,17Aug2015 10:46:50.085,3 boxes located sd-23. please see Ramona.,-1,,,,,,Y
589107,16,8,258,3759714,22Aug2015 18:19:51.878,21Aug2015 6:56:48.706,CMV407,11,21Aug2015,22Aug2015,RXB5688,22Aug2015 10:56:55.632,Ramona-please follow up re: these issues and let me know the status.,-1,,,,,RXB5688,Y
589107,13,11,258,3796891,02Sep2015 18:25:04.853,01Sep2015 11:11:24.392,INSTLR,5,01Sep2015,02Sep2015,CMV407,02Sep2015 7:34:29.373,"**FROM D59 SVC PROV:CUSTOMER IS LOOKING FOR AN UPDATE ON HIS BLINDS. : JASON,PIRKLE",-1,,,,,,Y
589107,16,9,258,3796891,02Sep2015 18:25:04.618,01Sep2015 14:17:40.241,GXN6917,3,,02Sep2015,JXP9970,02Sep2015 8:42:15.301,"Customer called, she stated she received her remote and is ready to be scheduled for an install...Please call customer to schedule install",-1,,,,,,Y
589107,16,10,258,3803809,04Sep2015 18:24:26.016,01Sep2015 14:20:08.924,GXN6917,11,02Sep2015,04Sep2015,RXB5688,04Sep2015 14:28:41.390,Ramona: Customer called very upset about how long it has been for her install to happen..please give customer a call..she said she has received her remote.....,-1,,,,,RXB5688,Y
589107,16,11,258,3796891,02Sep2015 18:25:04.610,02Sep2015 8:42:09.076,INSTLR,5,02Sep2015,02Sep2015,CMV407,02Sep2015 11:48:11.528,"**FROM D59 SVC PROV:WILL WORK ON A DATE : JASON,PIRKLE",-1,,,,,,Y
589107,15,3,258,3796891,02Sep2015 18:25:04.618,02Sep2015 10:39:44.921,RXB5688,11,02Sep2015,02Sep2015,CMV407,02Sep2015 11:48:22.235,"Claudia, spoke with Jason BBN for Saumi installation date which is 9/8 from 10 am to 1 pm.",-1,,,,,CMV407,Y
589107,16,12,258,3824378,10Sep2015 18:20:13.326,09Sep2015 9:32:36.589,INSTLR,5,09Sep2015,10Sep2015,CMV407,10Sep2015 16:18:21.135,"**FROM D59 SVC PROV:CALLED AND LEFT A MESSAGE TO CALL ME BACK : JASON,PIRKLE",-1,,,,,,Y
589107,16,13,258,3868960,23Sep2015 18:21:48.988,09Sep2015 14:49:50.531,CMV407,11,25Sep2015,23Sep2015,CMV407,23Sep2015 10:11:09.001,Riaz-fax signed waiver to chbk dept @ 678-556-7618,-1,,,,,CMV407,Y
589107,16,14,258,3824378,10Sep2015 18:20:13.333,10Sep2015 10:12:11.542,INSTLR,5,10Sep2015,10Sep2015,CMV407,10Sep2015 16:18:31.543,"**FROM D59 SVC PROV:CALLED AND LEFT A MESSAGE TO CALL ME BACK : JASON,PIRKLE",-1,,,,,,Y
589107,16,15,258,3841509,15Sep2015 18:27:30.184,11Sep2015 15:10:23.863,INSTLR,5,11Sep2015,15Sep2015,CMV407,15Sep2015 10:53:15.425,"**FROM D59 SVC PROV::CALLED AND LEFT A MESSAGE TO CALL ME BACK : JASON,PIRKLE",-1,,,,,,Y
589107,16,16,258,3841509,15Sep2015 18:27:30.184,15Sep2015 10:09:27.767,INSTLR,5,15Sep2015,15Sep2015,CMV407,15Sep2015 10:55:50.262,"**FROM D59 SVC PROV:SCHEDULED FOR FRIDAY 9/18/2015 11AM--2PM    WITH JIMMY ...IF BALI REP WANTS TO COME BY...JIMMY SHOULD BE THERE ATLEAST BY 11:30 AM IM THINKING... : JASON,PIRKLE",-1,,,,,,Y
589107,16,17,258,3846897,17Sep2015 7:28:22.912,15Sep2015 10:55:02.858,CMV407,11,15Sep2015,16Sep2015,RXB5688,16Sep2015 19:24:02.223,Ramona-please let Leon know that the install is scheduled for Friday 9/18. I think that he needs to be there,-1,,,,,RXB5688,Y
589107,16,18,258,3862110,21Sep2015 18:18:59.470,17Sep2015 8:06:26.741,CMV407,11,17Sep2015,21Sep2015,RXB5688,21Sep2015 8:54:05.350,That's not good!!! Please let Jason know that the customer has issued a chargeback for this project and it is imperative that we get a signed waiver tomorrow.,-1,,,,,RXB5688,Y
589107,16,19,258,3865531,22Sep2015 18:18:08.173,22Sep2015 11:54:03.501,CMV407,3,,22Sep2015,LXW9523,22Sep2015 16:57:33.874,Is there a waiver for this install? I need it for the chargeback dept. Claudia,-1,,,,,,Y
589107,16,20,258,3868960,23Sep2015 18:21:48.986,22Sep2015 16:57:44.297,INSTLR,5,22Sep2015,23Sep2015,CMV407,23Sep2015 10:11:22.231,"**FROM D59 SVC PROV:UPLOADED WAIVER  9/22/15. THANKS! : LASHONDA,WILLIAMS",-1,,,,,,Y
589107,16,21,258,3868960,23Sep2015 18:21:48.988,23Sep2015 10:11:46.361,CMV407,4,,,,23Sep2015 10:11:46.361,I gave the waiver to Beverly,-1,,,,,,Y
589107,11,6,258,4312350,01Feb2016 18:24:26.862,01Feb2016 12:00:25.689,RXB5688,4,,,,01Feb2016 12:00:25.689,Customer has an issue with kitchen cellular motorized blind not moving upward or downward. Asked customer to contact vendor. Provided the customer with the vendor contact info and po#.,-1,,,,,,Y
589107,11,7,258,4315800,02Feb2016 18:27:07.354,01Feb2016 12:01:18.789,RXB5688,11,02Feb2016,02Feb2016,RXB5688,02Feb2016 9:05:52.445,"9/2, will follow up with customer regarding defective blind",-1,,,,,RXB5688,Y
589107,11,8,258,4322886,04Feb2016 21:11:49.572,03Feb2016 9:40:07.494,RXB5688,11,03Feb2016,04Feb2016,RXB5688,04Feb2016 11:17:54.021,"Claudia, Jason said that $50 is sufficient for inspection of the 2 defective motorized cellular shades.",-1,,,,,RXB5688,Y
589107,17,1,258,4319196,03Feb2016 18:28:16.894,03Feb2016 11:08:07.657,CMV407,3,,03Feb2016,JXP9970,03Feb2016 13:56:50.820,Jason-here's the PO to inspect the motorized blinds,-1,,,,,,Y
589107,17,2,258,4319196,03Feb2016 18:28:16.894,03Feb2016 13:56:31.183,INSTLR,5,03Feb2016,03Feb2016,CMV407,03Feb2016 13:57:21.519,"**FROM D59 SVC PROV:WILL WORK ON A DATE : JASON,PIRKLE",-1,,,,,,Y
589107,17,3,258,4341388,10Feb2016 7:25:40.889,09Feb2016 14:34:26.172,INSTLR,5,09Feb2016,10Feb2016,CMV407,10Feb2016 6:55:37.334,"**FROM D59 SVC PROV:SCHEDULED FOR WED 2-10-2016 : JASON,PIRKLE",-1,,,,,,Y
589107,17,4,258,4346228,11Feb2016 18:23:37.776,10Feb2016 6:55:26.274,CMV407,11,10Feb2016,11Feb2016,RXB5688,11Feb2016 9:03:15.957,Ramona-please see previous and follow up on Thursday,-1,,,,,RXB5688,Y
649373,1,3,258,4620356,02May2016 19:05:06.427,11Feb2016 18:18:59.001,ApplOE,2,11Feb2016,11Feb2016,ApplOE,02May2016 14:41:26.293,Appliance Ordering System - This Order Status Has Been Successfully Updated To DONE.,-1,,,sv,,,Y
649373,5,2,258,4620356,02May2016 19:05:06.528,11Feb2016 18:18:59.001,ApplOE,2,11Feb2016,11Feb2016,ApplOE,02May2016 14:41:26.293,Appliance Ordering System - This Order Status Has Been Successfully Updated To DONE.,-1,,,sv,,,Y
649373,6,1,258,4620356,02May2016 19:05:06.433,11Feb2016 18:18:59.001,ApplOE,2,11Feb2016,12Feb2016,SYSCOM,02May2016 14:41:26.293,Appliance Ordering System - This Order Was Successfully Placed With The Vendor. Shipping Number = 649373,-1,,,sv,,,Y
649373,1,1,258,4620356,02May2016 19:05:06.419,11Feb2016 18:18:59.001,ApplOE,2,11Feb2016,12Feb2016,SYSCOM,02May2016 14:41:26.293,Appliance Ordering System - This Order Was Successfully Placed With The Vendor. Shipping Number = 649373,-1,,,sv,,,Y
649373,6,2,258,4620356,02May2016 19:05:06.419,11Feb2016 18:18:59.001,ApplOE,2,11Feb2016,11Feb2016,ApplOE,02May2016 14:41:26.293,Appliance Ordering System - This Order Status Has Been Successfully Updated To DONE.,-1,,,sv,,,Y
649373,5,1,258,4620356,02May2016 19:05:06.614,11Feb2016 18:18:59.001,ApplOE,2,11Feb2016,12Feb2016,SYSCOM,02May2016 14:41:26.293,Appliance Ordering System - This Order Was Successfully Placed With The Vendor. Shipping Number =1NJB135568  0168829631,-1,,,sv,,,Y
649373,1,2,258,4620356,02May2016 19:05:06.538,11Feb2016 18:18:59.001,ApplOE,2,11Feb2016,12Feb2016,SYSCOM,02May2016 14:41:26.293,Appliance Ordering System - The Delivery Has Been Successfully Scheduled. Delivery Date = Thu Feb 18 00:00:00 EST 2016,-1,,,sv,,,Y
589107,17,5,258,4407761,29Feb2016 18:28:32.222,24Feb2016 15:22:35.788,SAM5433,3,,29Feb2016,JXP9970,29Feb2016 13:24:48.244,BBN offers a program where the installers can hard wire the motorized blinds; do you have an installer that can hard wire these blinds for customer. She would like to have all the motorized blinds hard wired. Pleae let us know if this can be done.,-1,,,,,,Y
589107,17,6,258,4394216,25Feb2016 18:24:47.046,24Feb2016 15:23:20.885,SAM5433,11,25Feb2016,25Feb2016,RXB5688,25Feb2016 9:07:49.728,Ramona see previous note and follow up w/ Jason @ BBN. Thanks,-1,,,,,RXB5688,Y
589107,13,12,258,4397657,26Feb2016 18:25:38.697,26Feb2016 9:40:45.290,RTN01,5,26Feb2016,26Feb2016,CMV407,26Feb2016 11:07:41.343,CMV407 Returned S11 Merchandise at Customer,-1,,,,,,Y
589107,17,7,258,4411212,01Mar2016 18:28:52.189,29Feb2016 13:24:39.703,INSTLR,5,29Feb2016,01Mar2016,CMV407,01Mar2016 9:48:40.705,"**FROM D59 SVC PROV:A PLUG IN MOTORIZED BLIND...OR BATTERY PACK BLIND...THATS ALL WE INSTALL..WE DO NOT DO THE ELECTRICAL..THEY WILL HAVE TO GET AN ELECTRICIAN TO HARDWARE IN A BLIND : JASON,PIRKLE",-1,,,,,,Y
589107,17,8,258,4414568,02Mar2016 18:27:30.966,01Mar2016 9:48:21.553,CMV407,11,01Mar2016,02Mar2016,RXB5688,02Mar2016 13:33:40.515,Ramona-please see previous. If Saumi has an electrician hardwire for the blinds he will have to connect the blinds as well. Please let her know and see if she would like you to set up a lead,-1,,,,,RXB5688,Y
589107,18,1,258,4434551,08Mar2016 18:32:20.793,08Mar2016 10:29:40.028,CMV407,3,,08Mar2016,JXP9970,08Mar2016 13:38:52.639,"Jason-here's the trip and ladder charge. Please coordinate appointment with Leon , the vendor reprsentative.",-1,,,,,,Y
589107,18,2,258,4434551,08Mar2016 18:32:20.793,08Mar2016 13:39:12.285,INSTLR,5,08Mar2016,08Mar2016,CMV407,08Mar2016 13:47:29.488,"**FROM D59 SVC PROV:need leons # : JASON,PIRKLE",-1,,,,,,Y
589107,18,3,258,4434551,08Mar2016 18:32:20.786,08Mar2016 13:47:10.005,CMV407,3,,08Mar2016,JXP9970,08Mar2016 14:09:28.435,470-955-7281,-1,,,,,,Y
589107,18,4,258,4454988,14Mar2016 18:29:05.294,14Mar2016 14:33:09.904,INSTLR,5,14Mar2016,14Mar2016,CMV407,14Mar2016 14:41:28.392,"**FROM D59 SVC PROV:spoke to LEON.  WE ARE TO REMOVE 3 HIGH MOTORIZED.. AND LEON WILL FIX AND RE REHANG....  CALLED AND LEFT A MESSAGE FOR THE CUSTOMER TO CALL ME BACK : JASON,PIRKLE",-1,,,,,,Y
589107,18,5,258,4535632,07Apr2016 18:34:29.218,14Mar2016 14:42:03.078,CMV407,11,05Apr2016,07Apr2016,CMV407,07Apr2016 11:58:38.656,Riaz-install date?,-1,,,,,CMV407,Y
589107,18,6,258,4461695,16Mar2016 19:37:22.302,16Mar2016 9:52:54.074,CMV407,3,,16Mar2016,TXH9945,16Mar2016 15:47:27.780,"Jason-Leon called this morning inquiring about the install date, I understand that you're working on it with Jimmy. Please let me know so that I can contact Leon and he can get it on his calendar. Thanks, Claudia",-1,,,,,,Y
589107,18,7,258,4463448,17Mar2016 7:26:57.133,16Mar2016 15:47:55.429,INSTLR,5,16Mar2016,17Mar2016,CMV407,17Mar2016 6:56:04.943,"**FROM D59 SVC PROV:JASON WILL UPDATE AS SOON AS HE GETS IT SCHEDULED : THOMAS,HICKS",-1,,,,,,Y
589107,18,8,258,4464912,17Mar2016 18:26:44.682,17Mar2016 9:59:15.404,RXB5688,4,,,,17Mar2016 9:59:15.404,"Spoke with Saumi and Jason, BBN, has not returned her voice message. Contacted Jason and asked him contact her, but he is waiting on Leon to provide a date and time for install. Contacted Leon asked him to contact Jason with date/time.",-1,,,,,,Y
589107,18,9,258,4469838,19Mar2016 7:33:45.097,17Mar2016 9:59:56.161,RXB5688,11,18Mar2016,19Mar2016,RXB5688,19Mar2016 6:03:35.118,"3/18, f/u with Jason on install date for Saumi.",-1,,,,,RXB5688,Y
589107,18,10,258,4467986,18Mar2016 18:27:31.545,18Mar2016 13:48:30.270,CMV407,3,,18Mar2016,TXH9945,18Mar2016 15:57:22.080,Has a date been arranged?,-1,,,,,,Y
589107,18,11,258,4476781,21Mar2016 8:02:44.522,18Mar2016 15:57:50.702,INSTLR,5,18Mar2016,21Mar2016,CMV407,21Mar2016 6:52:20.715,"**FROM D59 SVC PROV:NOT  YET JASON IS WORKING ON IT : THOMAS,HICKS",-1,,,,,,Y
589107,18,12,258,4481666,22Mar2016 18:28:25.322,22Mar2016 13:13:47.630,CMV407,4,,,,22Mar2016 13:13:47.630,Checking Status: Email/PN Note Sent - 2 days- see previous,-1,,,,,,Y
657612,1,1,258,4856098,09Jul2016 18:41:58.300,28Mar2016 15:59:35.001,INSTLR,5,28Mar2016,28Mar2016,ERS015,09Jul2016 5:58:29.207,"**FROM D30 SVC PROV:LEFT MESSAGE : XML,SYSTEM",-1,,,sv,,,Y
657612,1,2,258,4856098,09Jul2016 18:41:58.293,29Mar2016 13:14:02.001,INSTLR,5,29Mar2016,30Mar2016,ERS015,09Jul2016 5:58:29.207,"**FROM D30 SVC PROV:left message : XML,SYSTEM",-1,,,sv,,,Y
589107,18,13,258,4508336,30Mar2016 18:50:49.802,30Mar2016 9:43:02.540,CMV407,3,,30Mar2016,TXH9945,30Mar2016 9:49:39.138,Has this been scheduled with Leon?,-1,,,,,,Y
589107,18,14,258,4508336,30Mar2016 18:50:49.802,30Mar2016 9:43:33.215,CMV407,4,,,,30Mar2016 9:43:33.215,Checking Status: Email/PN Note Sent - 2 days- see previous,-1,,,,,,Y
589107,18,15,258,4508336,30Mar2016 18:50:49.804,30Mar2016 9:50:09.355,INSTLR,5,30Mar2016,30Mar2016,CMV407,30Mar2016 11:09:17.943,"**FROM D59 SVC PROV:JASON WILL UPDAT WHEN IT IS  SCHEDULED..THX : THOMAS,HICKS",-1,,,,,,Y
657612,1,3,258,4856098,09Jul2016 18:41:58.331,30Mar2016 11:13:26.001,INSTLR,5,30Mar2016,30Mar2016,ERS015,09Jul2016 5:58:29.207,"**FROM D30 SVC PROV:to store: please reach out to customer and have them call us at 7705915701 ext 405 putting on hold : XML,SYSTEM",-1,,,sv,,,Y
657612,1,4,258,4856098,09Jul2016 18:41:58.445,30Mar2016 12:14:12.001,ERS015,4,,,,09Jul2016 5:58:29.207,03/30 I emailed mr. Robins to give Catlin a call to schedule the measure schedule his measure.,-1,,,sv,,,Y
657612,1,5,258,4856098,09Jul2016 18:41:58.445,30Mar2016 15:25:00.001,ERS015,4,,,,09Jul2016 5:58:29.207,Status: Customer not ready - 7 days- 3/30 I requested measure be scheduled.,-1,,,sv,,,Y
657866,1,1,258,4744673,07Jun2016 18:48:39.578,05Apr2016 17:41:03.001,MC1,4,,,,07Jun2016 7:53:44.263,** READ BEFORE SALE ** Warning: Stairs may be running in a different direction than the rooms. Please discuss with customer to ensure they understand this.. Resolution: store to review,-1,,,sv,,,Y
589107,18,16,258,4556118,13Apr2016 18:36:24.917,07Apr2016 11:58:28.979,CMV407,11,12Apr2016,13Apr2016,CMV407,13Apr2016 14:46:53.154,Riaz-install 4/13 between 10 and 1,-1,,,,,CMV407,Y
659201,2,1,258,4793630,21Jun2016 18:45:41.279,11Apr2016 12:22:21.001,GXN6917,11,12Apr2016,18Apr2016,GXN6917,21Jun2016 4:00:20.068,Add trip charge labor,-1,,,sv,,GXN6917,Y
659201,5,1,258,4793630,21Jun2016 18:45:41.266,11Apr2016 12:24:02.001,GXN6917,11,12Apr2016,15Apr2016,GXN6917,21Jun2016 4:00:20.068,Match labor for I05,-1,,,sv,,GXN6917,Y
661227,1,1,258,4659337,14May2016 7:35:07.195,11Apr2016 14:38:14.001,mcConfir,4,11Apr2016,,,13May2016 15:42:16.598,Measure has been confirmed with vendor.,-1,,,,,,Y
659201,5,2,258,4793630,21Jun2016 18:45:41.268,11Apr2016 15:09:29.001,INSTLR,5,11Apr2016,12Apr2016,CMV407,21Jun2016 4:00:20.068,"**FROM D23 SVC PROV:Pls add the primer to the mat list. Pls let us know when the cust has all mat for the install thanks  : XML,SYSTEM",-1,,,sv,,,Y
589107,18,17,258,4552771,12Apr2016 18:36:18.044,11Apr2016 15:49:29.151,INSTLR,5,11Apr2016,12Apr2016,CMV407,12Apr2016 7:41:26.217,"**FROM D59 SVC PROV:WHAT ARE WE DOING OUT HERE?? ARE WE SWAPPING OUT SOME BLINDS?  ARE THEY AT THE STORE? : JASON,PIRKLE",-1,,,,,,Y
659201,4,2,258,4793630,21Jun2016 18:45:41.282,11Apr2016 22:09:44.001,SYSCOM,4,,,,21Jun2016 4:00:20.068,** FROM VNDR ATTN:S0404 PRODUCT SHIPPED; EXPECTED DELIVERY ON 2016-04-16T00:00:00-0400 BOL# - 5000916 PRO# - 534015,-1,,,SYSCOM,,,Y
589107,18,18,258,4556118,13Apr2016 18:36:24.889,12Apr2016 7:41:15.572,CMV407,3,,13Apr2016,JXP9970,13Apr2016 11:32:23.994,There is one blind at the store. The purpose of this visit is to work with Leon to get the controls to work properly.,-1,,,,,,Y
659201,7,1,258,4793630,21Jun2016 18:45:41.247,12Apr2016 8:33:45.001,SYSCOM,5,12Apr2016,12Apr2016,GXN6917,21Jun2016 4:00:20.068,** FROM VNDR ATTN:S07 VENDOR ACCEPTED PO CANCEL,-1,,,SYSCOM,,,Y
657866,3,2,258,4744673,07Jun2016 18:48:39.602,12Apr2016 19:21:40.001,SYSCOM,4,,,,07Jun2016 7:53:44.263,** FROM VNDR ATTN:S0303 PRODUCT SHIPPED; EXPECTED DELIVERY ON 2016-04-17T00:00:00-0400 BOL# - 5010345 PRO# - 531004,-1,,,SYSCOM,,,Y
657612,1,6,258,4856098,09Jul2016 18:41:58.443,13Apr2016 10:49:32.001,ERS015,4,,,,09Jul2016 5:58:29.207,Checking Status: Left Message - 2 days- 04/13 lmom for customer to call the installer to schedule the measure.,-1,,,sv,,,Y
657612,1,7,258,4856098,09Jul2016 18:41:58.300,13Apr2016 11:16:49.001,ERS015,4,,,,09Jul2016 5:58:29.207,Checking Status: Left Message - 2 days- 04/13 wating on the customer,-1,,,sv,,,Y
589107,18,19,258,4608768,29Apr2016 7:44:42.403,13Apr2016 14:47:24.735,CMV407,11,26Apr2016,29Apr2016,CMV407,29Apr2016 7:08:52.987,Status: Pending Order Completion - 14 days- Riaz-appointment rescheduled?,-1,,,,,CMV407,Y
661227,1,2,258,4659337,14May2016 7:35:07.177,14Apr2016 10:27:25.001,CMV407,4,,,,13May2016 15:42:16.598,Status: Pending Order Completion - 7 days- customer will reschedule after cabinets are installed,-1,,,sv,,,Y
661227,1,3,258,4659337,14May2016 7:35:07.196,14Apr2016 10:30:01.001,CMV407,4,,,,13May2016 15:42:16.598,Status: Pending Order Completion - 7 days- customer to reschedule,-1,,,sv,,,Y
589107,18,20,258,4562913,15Apr2016 18:35:25.741,14Apr2016 13:16:20.858,CMV407,11,14Apr2016,15Apr2016,RXB5688,15Apr2016 9:13:29.901,Ramona-as I'm sure you are aware Jason never confirmed Wednesday's appt with Saumi. Leon gave the kitchen blind to Jimmy. Please contact Jason and find out how he plans to handle setting the controls and getting this blind installed.,-1,,,,,RXB5688,Y
659201,4,3,258,4793630,21Jun2016 18:45:41.268,15Apr2016 10:11:19.001,ERS015,11,19Apr2016,15Apr2016,GXN6917,21Jun2016 4:00:20.068,"04/15 Stafford: I'm confused was all of the s/o's S04, s05, and s09 cancelled with the vendor? Thanks Ella",-1,,,sv,,GXN6917,Y
659201,4,4,258,4793630,21Jun2016 18:45:41.247,15Apr2016 10:11:55.001,ERS015,11,18Apr2016,15Apr2016,GXN6917,21Jun2016 4:00:20.068,"04/15 Stafford: I'm confused was all of the s/o's S04, s05, and s09 cancelled with the vendor? Thanks Ella",-1,,,sv,,DMK3422,Y
657612,1,8,258,4856098,09Jul2016 18:41:58.443,15Apr2016 11:05:17.001,INSTLR,5,15Apr2016,15Apr2016,ERS015,09Jul2016 5:58:29.207,"**FROM D30 SVC PROV:LEFT MESSAGE : XML,SYSTEM",-1,,,sv,,,Y
657612,1,9,258,4856098,09Jul2016 18:41:58.300,15Apr2016 11:53:37.001,INSTLR,5,15Apr2016,15Apr2016,ERS015,09Jul2016 5:58:29.207,"**FROM D30 SVC PROV:LEFT MESSAGE : XML,SYSTEM",-1,,,sv,,,Y
657612,1,10,258,4856098,09Jul2016 18:41:58.300,15Apr2016 11:55:14.001,INSTLR,5,15Apr2016,15Apr2016,ERS015,09Jul2016 5:58:29.207,"**FROM D30 SVC PROV:TO STORE: PLEASE REACH OUT TO CUSTOMER AND HAVE THEM CALL US AT 7705915701 EXT 405 PUTTING ON HOLD : XML,SYSTEM",-1,,,sv,,,Y
657612,1,11,258,4856098,09Jul2016 18:41:58.293,15Apr2016 15:09:24.001,ERS015,3,18Apr2016,15Apr2016,XXS9057,09Jul2016 5:58:29.207,04/15 I emailed the customer at GLENN.ROBINS@COMCAST.NET to give you a call to schedule his measure. Thanks Ella,-1,,,sv,,,Y
657612,1,12,258,4856098,09Jul2016 18:41:58.331,15Apr2016 15:10:01.001,ERS015,4,,,,09Jul2016 5:58:29.207,Checking Status: Email/PN Note Sent - 2 days- 04/15 emailed the customer to call JD Doors to schedule his measure.,-1,,,sv,,,Y
659201,15,1,258,4793630,21Jun2016 18:45:41.247,15Apr2016 18:26:01.001,GXN6917,3,15Apr2016,16Apr2016,AXS9276,21Jun2016 4:00:20.068,"We had to cancel and re-do this order, due to system glitch. Just FYI",-1,,,sv,,,Y
659201,11,1,258,4793630,21Jun2016 18:45:41.266,15Apr2016 18:48:23.001,GXN6917,4,,,,21Jun2016 4:00:20.068,S11 Vinyl Plank is scheduled to ship out on 4/19/16 from Savannah GA. 1-2 day transit,-1,,,sv,,,Y
659201,19,1,258,4793630,21Jun2016 18:45:41.282,15Apr2016 18:49:59.001,GXN6917,3,18Apr2016,16Apr2016,AXS9276,21Jun2016 4:00:20.068,Customer wants the vinyl installed before 4/30/16 if possible. Her vinyl is expected to be delivered on 4/23/16. Just giving you a head's up in case the customer contacts you. Thanks,-1,,,sv,,,Y
661105,8,2,258,4581952,21Apr2016 7:32:01.296,16Apr2016 10:13:57.001,MC1,4,,,,20Apr2016 15:33:04.226,"** READ BEFORE SALE ** Warning: Inform customer that there will be a height difference between rooms. If this is not acceptable, additional charges for build up or rip up will apply. See diagram for more information. Please discuss with installer (CONT)",-1,,,sv,,,N
661105,8,5,258,4581952,21Apr2016 7:32:01.300,16Apr2016 10:13:57.001,MC1,4,,,,20Apr2016 15:33:04.226,** READ BEFORE SALE ** CONT: problem at time of installation.. Resolution: THD STORE TO DISCUSS WITH CUST,-1,,,sv,,,N
661105,8,4,258,4581952,21Apr2016 7:32:01.332,16Apr2016 10:13:57.001,MC1,4,,,,20Apr2016 15:33:04.226,"** READ BEFORE SALE ** Warning: No moisture test performed in the following rooms: M/BED, BATH1, KITCHEN/LW HALL/LW HALL/FOYER/DINETTE/PA, DR, LR, FAM/GRT. Please discuss potential issues and costs with customer if moisture turns out to be a (CONT)",-1,,,sv,,,N
661105,8,3,258,4581952,21Apr2016 7:32:01.321,16Apr2016 10:13:57.001,MC1,4,,,,20Apr2016 15:33:04.226,** READ BEFORE SALE ** CONT: and customer. . Resolution: THD STORE TO DISCUSS WITH CUST,-1,,,sv,,,N
661105,8,1,258,4581952,21Apr2016 7:32:01.294,16Apr2016 10:13:57.001,MC1,4,,,,20Apr2016 15:33:04.226,** READ BEFORE SALE ** Warning: Appliance(s) may not have enough clearance in the following rooms: KITCHEN/LW HALL/LW H.. Resolution: THD STORE TO DISCUSS WITH CUST-,-1,,,sv,,,N
659201,15,2,258,4793630,21Jun2016 18:45:41.279,18Apr2016 7:43:15.001,INSTLR,5,18Apr2016,18Apr2016,GXN6917,21Jun2016 4:00:20.068,"**FROM D23 SVC PROV:ok : XML,SYSTEM",-1,,,sv,,,Y
659201,19,2,258,4793630,21Jun2016 18:45:41.247,18Apr2016 8:49:38.001,INSTLR,5,18Apr2016,18Apr2016,GXN6917,21Jun2016 4:00:20.068,"**FROM D23 SVC PROV:ok thx : XML,SYSTEM",-1,,,sv,,,Y
659201,12,2,258,4793630,21Jun2016 18:45:41.247,18Apr2016 10:05:23.001,SYSCOM,4,,,,21Jun2016 4:00:20.068,** FROM VNDR ATTN:S1212 PRODUCT SHIPPED; EXPECTED DELIVERY ON 2016-04-19T00:00:00-0400 BOL# - 00089590026524170 PRO# - 1Z5XX1170358296144 TRK# - 1Z5XX1170358296144,-1,,,SYSCOM,,,Y
659201,5,3,258,4793630,21Jun2016 18:45:41.247,18Apr2016 10:18:27.001,INSTLR,5,18Apr2016,18Apr2016,GXN6917,21Jun2016 4:00:20.068,"**FROM D23 SVC PROV:spoke to customer this morning to confirm carpet install and she stated she did NOT have a VINYL order just the Allure; please look into this and update...thanks Jaaye x3023 : XML,SYSTEM",-1,,,sv,,,Y
659201,19,3,258,4793630,21Jun2016 18:45:41.279,18Apr2016 14:34:27.001,GXN6917,3,18Apr2016,18Apr2016,AXS9276,21Jun2016 4:00:20.068,"Customer order vinyl plank, Allure Grip Strip to be installed. Everything is good to go on this order.",-1,,,sv,,,Y
659201,19,4,258,4793630,21Jun2016 18:45:41.266,19Apr2016 7:37:06.001,INSTLR,5,19Apr2016,19Apr2016,SAM5433,21Jun2016 4:00:20.068,"**FROM D23 SVC PROV:Pls let us know when the cust has all mat thanks  : XML,SYSTEM",-1,,,sv,,,Y
657612,1,13,258,4856098,09Jul2016 18:41:58.445,19Apr2016 14:50:35.001,ERS015,4,,,,09Jul2016 5:58:29.207,Checking Status: Left Message - 2 days- 04/19 waiting on the customer,-1,,,sv,,,Y
662866,1,1,258,4646934,10May2016 18:48:59.140,19Apr2016 15:02:11.001,INSTLR,5,19Apr2016,22Apr2016,CMV407,10May2016 8:47:40.747,"**FROM D30 SVC PROV:Phantom was given a Chicago, IL address for this customer, but the customer says she made it clear to the Home Depot store that she had a new address in Atlanta.  I will correct in our system. : PHANTOM,ORDERS",-1,,,sv,,,Y
657866,1,2,258,4744673,07Jun2016 18:48:39.564,19Apr2016 18:11:21.001,GXN6917,3,19Apr2016,19Apr2016,AXS9276,07Jun2016 7:53:44.263,We are going to set this customer up for a remeasure. She wants to change the landing to hardwood instead of carpet. HDMS did not separate the landing from the Master bedroom. Just FYi. Thanks,-1,,,sv,,,Y
589107,18,21,258,4583424,21Apr2016 18:40:30.119,20Apr2016 6:59:25.197,CMV407,11,20Apr2016,21Apr2016,RXB5688,21Apr2016 9:31:13.438,Ramona-please make sure that this has been rescheduled. I'm not sure that Leon will be able to make himself available again,-1,,,,,RXB5688,Y
662866,1,2,258,4646934,10May2016 18:48:59.147,20Apr2016 9:04:33.001,ERS015,11,22Apr2016,23Apr2016,RJR3602,10May2016 8:47:40.747,04/20 Please call the customer to get her Atlanta address.  You have a Chicago address in the profile and service site. Thanks Ella,-1,,,sv,,RJR3602,Y
657866,1,3,258,4744673,07Jun2016 18:48:39.569,20Apr2016 9:12:40.001,INSTLR,5,20Apr2016,20Apr2016,CMV407,07Jun2016 7:53:44.263,"**FROM D23 SVC PROV:ok thanks, : XML,SYSTEM",-1,,,sv,,,Y
657866,1,4,258,4744673,07Jun2016 18:48:39.602,20Apr2016 9:19:03.001,CMV407,11,22Apr2016,20Apr2016,KXP1071,07Jun2016 7:53:44.263,Evans-remeasure for landing?,-1,,,sv,,CMV407,Y
659201,20,1,258,4793630,21Jun2016 18:45:41.247,20Apr2016 13:05:28.001,MME85H,4,,,,21Jun2016 4:00:20.068,s/o mdse located at SD-017,-1,,,,,,Y
659201,5,4,258,4793630,21Jun2016 18:45:41.282,20Apr2016 13:06:29.001,INSTLR,5,20Apr2016,20Apr2016,CMV407,21Jun2016 4:00:20.068,"**FROM D23 SVC PROV:Claudia: Pls let me know if this order is from the store glitch. Per the cust this is not her order.. thanks Ru : XML,SYSTEM",-1,,,sv,,,Y
659201,9,1,258,4793630,21Jun2016 18:45:41.279,20Apr2016 13:22:48.001,CMV407,11,28Jun2016,,,21Jun2016 4:00:20.068,Stafford-pick up Allure flooring from Romanoff,-1,,,sv,,CMV407,Y
661105,13,8,258,4581952,21Apr2016 7:32:01.300,20Apr2016 19:34:36.001,MC1,4,,,,20Apr2016 15:41:09.815,** READ BEFORE SALE ** CONT: THDMS. . - PLEASE VERIFY ALL AREAS WITH CUSTOMER. .,-1,,,sv,,,N
661105,13,6,258,4583424,21Apr2016 18:40:30.124,20Apr2016 19:41:36.001,MC1,4,,,,21Apr2016 10:15:11.729,"** READ BEFORE SALE ** Warning: No moisture test performed in the following rooms: M/BED, KITCHEN/LW HALL/LW HALL/FOYER/DINETTE/PA, DR, LR, FAM/GRT. Please discuss potential issues and costs with customer if moisture turns out to be a problem at (CONT)",-1,,,sv,,,N
661105,13,2,258,4583424,21Apr2016 18:40:30.119,20Apr2016 19:41:36.001,MC1,4,,,,21Apr2016 10:15:11.729,** READ BEFORE SALE ** CONT: addressed prior to completing purchase. .  NOTHING VERIFIED BY THDMS. . - PLEASE VERIFY ALL AREAS WITH CUSTOMER. .,-1,,,sv,,,N
661105,13,7,258,4583424,21Apr2016 18:40:30.119,20Apr2016 19:41:36.001,MC1,4,,,,21Apr2016 10:15:11.729,"** READ BEFORE SALE ** CONT: time of installation.. Resolution: -moisture test will be performed upon installation, areas need to be dry as possible prior to installation to avoid any charges/delays. Poly Moisture Block included in quote.",-1,,,sv,,,N
661105,13,1,258,4583424,21Apr2016 18:40:30.119,20Apr2016 19:41:36.001,MC1,4,,,,21Apr2016 10:15:11.729,** READ BEFORE SALE ** Warning: Appliance(s) may not have enough clearance in the following rooms: KITCHEN/LW HALL/LW H.. Resolution: THD STORE TO DISCUSS WITH CUST-. Suggested Resolution: Quote contains PROJECT REQUIREMENTS that will need to be (CONT),-1,,,sv,,,N
661105,13,5,258,4583424,21Apr2016 18:40:30.119,20Apr2016 19:41:36.001,MC1,4,,,,21Apr2016 10:15:11.729,** READ BEFORE SALE ** CONT: VERIFY ALL AREAS WITH CUSTOMER. .,-1,,,sv,,,N
661105,13,3,258,4583424,21Apr2016 18:40:30.119,20Apr2016 19:41:36.001,MC1,4,,,,21Apr2016 10:15:11.729,"** READ BEFORE SALE ** Warning: Inform customer that there will be a height difference between rooms. If this is not acceptable, additional charges for build up or rip up will apply. See diagram for more information. Please discuss with installer (CONT)",-1,,,sv,,,N
661105,13,4,258,4583424,21Apr2016 18:40:30.118,20Apr2016 19:41:36.001,MC1,4,,,,21Apr2016 10:15:11.729,** READ BEFORE SALE ** CONT: and customer. . Resolution: THD STORE TO DISCUSS WITH CUST. Suggested Resolution: Quote contains PROJECT REQUIREMENTS that will need to be addressed prior to completing purchase. .  NOTHING VERIFIED BY THDMS. . - PLEASE (CONT),-1,,,sv,,,N
659201,11,2,258,4793630,21Jun2016 18:45:41.268,21Apr2016 12:10:51.001,GXN6917,4,,,,21Jun2016 4:00:20.068,I called YOW to get shipping info. Tracing number is 337656304. The tracing number has not populated in SEFL yet. Gloria at YOW stated the product showed it shipped out on 4-19-16. I will follow up on this order on 4/22/16,-1,,,sv,,,Y
657866,1,5,258,4744673,07Jun2016 18:48:39.572,21Apr2016 14:38:45.001,CMV407,4,,,,07Jun2016 7:53:44.263,Status: Customer not ready - 7 days- On Hold pending remeasure,-1,,,sv,,,Y
657866,2,1,258,4744673,07Jun2016 18:48:39.572,21Apr2016 14:39:05.001,CMV407,4,,,,07Jun2016 7:53:44.263,Status: Customer not ready - 7 days- see previous,-1,,,sv,,,Y
661227,1,4,258,4659337,14May2016 7:35:07.248,21Apr2016 14:56:30.001,CMV407,4,,,,13May2016 15:42:16.598,Status: Pending Order Completion - 7 days- see previous,-1,,,sv,,,Y
662866,1,3,258,4646934,10May2016 18:48:59.204,21Apr2016 15:44:29.001,INSTLR,5,21Apr2016,22Apr2016,CMV407,10May2016 8:47:40.747,"**FROM D30 SVC PROV:4/20/16 - LM for Ms. S to call so we can determine what is needed and so she can cancel the measure and just get the door installed. : PHANTOM,ORDERS",-1,,,sv,,,Y
662869,1,1,258,4695604,24May2016 18:51:03.727,22Apr2016 9:30:39.001,CMV407,3,22Apr2016,24May2016,PXO9720,24May2016 8:40:37.778,measure date?,-1,,,sv,,,Y
662869,1,2,258,4695604,24May2016 18:51:03.694,22Apr2016 9:30:54.001,CMV407,4,,,,24May2016 8:40:37.778,Checking Status: Email/PN Note Sent - 2 days- see previous,-1,,,sv,,,Y
661105,14,3,258,4586857,22Apr2016 18:38:06.491,22Apr2016 10:06:54.001,MC1,4,,,,22Apr2016 6:13:50.040,** READ BEFORE SALE ** CONT: and customer. . Resolution: VERIFIED WITH CUSTOMER,-1,,,sv,,,N
661105,14,5,258,4586857,22Apr2016 18:38:06.399,22Apr2016 10:06:54.001,MC1,4,,,,22Apr2016 6:13:50.040,** READ BEFORE SALE ** CONT: installation.. Resolution: VERIFIED WITH CUSTOMER,-1,,,sv,,,N
661105,14,1,258,4586857,22Apr2016 18:38:06.404,22Apr2016 10:06:54.001,MC1,4,,,,22Apr2016 6:13:50.040,** READ BEFORE SALE ** Warning: Appliance(s) may not have enough clearance in the following rooms: KITCHEN/LW HALL/LW H.. Resolution: CUSTOMER TO VERIFY THAT THERE IS ENOUGH CLEARANCE,-1,,,sv,,,N
661105,14,4,258,4586857,22Apr2016 18:38:06.406,22Apr2016 10:06:54.001,MC1,4,,,,22Apr2016 6:13:50.040,"** READ BEFORE SALE ** Warning: No moisture test performed in the following rooms: KITCHEN/LW HALL/LW HALL/FOYER/DINETTE/PA, DR, LR, FAM/GRT. Please discuss potential issues and costs with customer if moisture turns out to be a problem at time of (CONT)",-1,,,sv,,,N
661105,14,2,258,4586857,22Apr2016 18:38:06.400,22Apr2016 10:06:54.001,MC1,4,,,,22Apr2016 6:13:50.040,"** READ BEFORE SALE ** Warning: Inform customer that there will be a height difference between rooms. If this is not acceptable, additional charges for build up or rip up will apply. See diagram for more information. Please discuss with installer (CONT)",-1,,,sv,,,N
659201,19,5,258,4793630,21Jun2016 18:45:41.268,22Apr2016 16:17:32.001,GMA4840,3,22Apr2016,22Apr2016,AXS9276,21Jun2016 4:00:20.068,Customer's materials are being delivered to her house on 4/23/16. Please contact customer to schedule installation and have it completed no later than 4/30/16. Thx.,-1,,,sv,,,Y
659201,13,1,258,4793630,21Jun2016 18:45:41.247,22Apr2016 23:03:53.001,GXN6917,11,23Apr2016,23Apr2016,ABV331,21Jun2016 4:00:20.068,Adam: The flooring is located in receiving RC-005.,-1,,,,,ABV331,Y
659201,20,2,258,4793630,21Jun2016 18:45:41.268,22Apr2016 23:07:12.001,GXN6917,11,23Apr2016,23Apr2016,ABV331,21Jun2016 4:00:20.068,"Adam: Please pull product for delivery. Disregard the carpet on the delivery. Only items being delivered are the QR, Transitions, repair kit and vinyl plank flooring.",-1,,,,,ABV331,Y
659201,20,3,258,4793630,21Jun2016 18:45:41.282,24Apr2016 12:28:38.001,JEO5130,11,24Apr2016,24Apr2016,GMA4840,21Jun2016 4:00:20.068,"Gant/D23--Can we sign out all the remaining items on this order?, cust said she got everything via delivery but I wanted to confirm with you, thanks",-1,,,,,GMA4840,Y
659201,13,2,258,4793630,21Jun2016 18:45:41.279,24Apr2016 12:30:07.001,JEO5130,4,,,,21Jun2016 4:00:20.068,"2nd Call to Reschedule - 7 days- Following up with Gant/D23 on this, pushing out, thanks",-1,,,,,,Y
659201,13,3,258,4793630,21Jun2016 18:45:41.266,24Apr2016 12:30:30.001,JEO5130,4,,,,21Jun2016 4:00:20.068,"2nd Call to Reschedule - 7 days- See previous note, thanks",-1,,,,,,Y
662261,1,3,258,4702576,26May2016 18:54:32.092,25Apr2016 9:36:04.001,SYSCOM,4,,,,26May2016 6:01:58.634,** FROM VNDR ATTN:S0101 PRODUCT SHIPPED; EXPECTED DELIVERY ON 2016-04-27T00:00:00-0400 BOL# - 617331 PRO# - 0000162746 TRK# - NA,-1,,,SYSCOM,,,Y
661105,15,5,258,4755016,10Jun2016 18:43:00.492,25Apr2016 9:36:05.001,MC1,4,,,,10Jun2016 11:39:26.852,** READ BEFORE SALE ** CONT: installation.. Resolution: VERIFIED WITH CUSTOMER,-1,,,sv,,,Y
661105,15,1,258,4755016,10Jun2016 18:43:00.491,25Apr2016 9:36:05.001,MC1,4,,,,10Jun2016 11:39:26.852,** READ BEFORE SALE ** Warning: Appliance(s) may not have enough clearance in the following rooms: KITCHEN/LW HALL/LW H.. Resolution: CUSTOMER TO VERIFY THAT THERE IS ENOUGH CLEARANCE,-1,,,sv,,,Y
661105,15,2,258,4755016,10Jun2016 18:43:00.484,25Apr2016 9:36:05.001,MC1,4,,,,10Jun2016 11:39:26.852,"** READ BEFORE SALE ** Warning: Inform customer that there will be a height difference between rooms. If this is not acceptable, additional charges for build up or rip up will apply. See diagram for more information. Please discuss with installer (CONT)",-1,,,sv,,,Y
661105,16,1,258,4755016,10Jun2016 18:43:00.509,25Apr2016 9:36:05.001,MC1,4,,,,10Jun2016 11:39:26.852,** READ BEFORE SALE ** Installer Issue(s): Multiple stairs found on plan for wood or laminate installation. Job requires review for feasibility and installation costs. . . Resolution: STAIRS INCLUDED IN QUOTE,-1,,,sv,,,Y
661105,15,4,258,4755016,10Jun2016 18:43:00.511,25Apr2016 9:36:05.001,MC1,4,,,,10Jun2016 11:39:26.852,"** READ BEFORE SALE ** Warning: No moisture test performed in the following rooms: KITCHEN/LW HALL/LW HALL/FOYER/DINETTE/PA, DR, LR, FAM/GRT. Please discuss potential issues and costs with customer if moisture turns out to be a problem at time of (CONT)",-1,,,sv,,,Y
661105,15,3,258,4755016,10Jun2016 18:43:00.509,25Apr2016 9:36:05.001,MC1,4,,,,10Jun2016 11:39:26.852,** READ BEFORE SALE ** CONT: and customer. . Resolution: VERIFIED WITH CUSTOMER,-1,,,sv,,,Y
659201,19,6,258,4793630,21Jun2016 18:45:41.247,25Apr2016 10:41:26.001,INSTLR,5,25Apr2016,26Apr2016,CMV407,21Jun2016 4:00:20.068,"**FROM D23 SVC PROV:ty : XML,SYSTEM",-1,,,sv,,,Y
657612,1,14,258,4856098,09Jul2016 18:41:58.443,25Apr2016 10:49:00.001,INSTLR,5,25Apr2016,26Apr2016,ERS015,09Jul2016 5:58:29.207,"**FROM D30 SVC PROV:LEFT MESSAGE : XML,SYSTEM",-1,,,sv,,,Y
662869,1,3,258,4695604,24May2016 18:51:03.685,25Apr2016 14:12:40.001,INSTLR,5,25Apr2016,25Apr2016,PXO9720,24May2016 8:40:37.778,"**FROM D30 SVC PROV:Have requested an update from the local installer. KM : PHANTOM,ORDERS",-1,,,sv,,,Y
657866,1,6,258,4744673,07Jun2016 18:48:39.578,26Apr2016 10:53:28.001,INSTLR,5,26Apr2016,26Apr2016,CMV407,07Jun2016 7:53:44.263,"**FROM D23 SVC PROV:cust called RR to schedule measure; please call her and get this scheduled; she is becoming a bit frustrated...thanks Jaaye x3023  : XML,SYSTEM",-1,,,sv,,,Y
665180,1,1,258,4650451,11May2016 18:49:08.586,27Apr2016 12:35:34.001,CMV407,11,27Apr2016,29Apr2016,MXS5668,11May2016 13:00:48.900,Mike-why did you do this as a ship to store order?,-1,,,sv,,MXS5668,Y
661105,1,2,258,4755016,10Jun2016 18:43:00.492,28Apr2016 1:02:07.001,SYSCOM,4,,,,10Jun2016 11:39:26.852,** FROM VNDR ATTN:S0102 UPDATED DELIVERY DATE; NEW DATE: 2016-05-03T00:00:00-0400,-1,,,SYSCOM,,,Y
662261,2,1,258,4702576,26May2016 18:54:32.124,28Apr2016 12:16:05.001,TAM5409,4,,,,26May2016 6:01:58.634,Customer Not Ready - 7 days- awaiting order,-1,,,,,,Y
661105,16,2,258,4755016,10Jun2016 18:43:00.511,28Apr2016 12:38:45.001,INSTLR,5,28Apr2016,28Apr2016,CMV407,10Jun2016 11:39:26.852,"**FROM D23 SVC PROV:let us know when all material has been delivered to the customer : XML,SYSTEM",-1,,,sv,,,Y
661105,16,3,258,4755016,10Jun2016 18:43:00.492,28Apr2016 13:26:03.001,CMV407,11,05May2016,09May2016,CMV407,10Jun2016 11:39:26.852,***Johnson-notify RR when delivery is scheduled,-1,,,sv,,CMV407,Y
589107,18,22,258,4608768,29Apr2016 7:44:42.397,28Apr2016 14:18:10.328,INSTLR,5,28Apr2016,29Apr2016,CMV407,29Apr2016 7:08:25.273,"**FROM D59 SVC PROV:OK EVERYONE IS ON BOARD FOR WED 5-4-2016  TO INSTALL AND COMPLETE : JASON,PIRKLE",-1,,,,,,Y
661105,15,6,258,4755016,10Jun2016 18:43:00.493,28Apr2016 15:00:36.001,CMV407,4,,,,10Jun2016 11:39:26.852,emailed Vickie to reverse the M/D's,-1,,,sv,,,Y
661105,1,3,258,4755016,10Jun2016 18:43:00.493,29Apr2016 1:01:44.001,SYSCOM,4,,,,10Jun2016 11:39:26.852,** FROM VNDR ATTN:S0102 UPDATED DELIVERY DATE; NEW DATE: 2016-05-04T00:00:00-0400,-1,,,SYSCOM,,,Y
589107,18,23,258,4633302,06May2016 18:51:31.407,29Apr2016 7:09:35.355,CMV407,11,03May2016,06May2016,CMV407,06May2016 9:24:05.054,***Riaz appointment 5/4,-1,,,,,CMV407,Y
589107,18,24,258,4610246,29Apr2016 18:51:11.713,29Apr2016 7:09:46.972,CMV407,3,,29Apr2016,TXH9945,29Apr2016 13:18:00.684,What time?,-1,,,,,,Y
661227,1,5,258,4659337,14May2016 7:35:07.232,29Apr2016 8:36:32.001,CMV407,4,,,,13May2016 15:42:16.598,Status: Pending Order Completion - 7 days- waiting for kitchen cabinets to be installed,-1,,,sv,,,Y
657866,1,7,258,4744673,07Jun2016 18:48:39.570,29Apr2016 8:45:54.001,CMV407,4,,,,07Jun2016 7:53:44.263,Status: Customer not ready - 7 days- Measure complete for landing,-1,,,sv,,,Y
657866,2,2,258,4744673,07Jun2016 18:48:39.602,29Apr2016 8:46:09.001,CMV407,4,,,,07Jun2016 7:53:44.263,Status: Customer not ready - 7 days- see previous,-1,,,sv,,,Y
661105,1,4,258,4755016,10Jun2016 18:43:00.491,29Apr2016 11:34:17.001,SYSCOM,4,,,,10Jun2016 11:39:26.852,** FROM VNDR ATTN:S0102 UPDATED DELIVERY DATE; NEW DATE: 2016-05-02T00:00:00-0400,-1,,,SYSCOM,,,Y
589107,18,25,258,4610246,29Apr2016 18:51:11.703,29Apr2016 13:18:16.788,INSTLR,5,29Apr2016,29Apr2016,CMV407,29Apr2016 14:32:26.504,"**FROM D59 SVC PROV:10--12 : THOMAS,HICKS",-1,,,,,,Y
657612,1,15,258,4856098,09Jul2016 18:41:58.300,29Apr2016 19:23:04.001,INSTLR,5,29Apr2016,03May2016,ERS015,09Jul2016 5:58:29.207,"**FROM D30 SVC PROV:lm : XML,SYSTEM",-1,,,sv,,,Y
662261,3,1,258,4702576,26May2016 18:54:32.101,30Apr2016 9:07:43.001,INSTLR,5,30Apr2016,02May2016,CMV407,26May2016 6:01:58.634,"**FROM D30 SVC PROV:is s/o in? : XML,SYSTEM",-1,,,sv,,,Y
666185,1,2,258,4648923,11May2016 7:33:20.477,30Apr2016 16:40:15.001,ApplOE,2,30Apr2016,30Apr2016,ApplOE,11May2016 1:50:20.067,Appliance Ordering System - The Delivery Has Been Successfully Scheduled. Delivery Date = Sat May 07 00:00:00 EDT 2016,-1,,,sv,,,Y
666185,1,3,258,4648923,11May2016 7:33:20.456,30Apr2016 16:40:15.001,ApplOE,2,30Apr2016,30Apr2016,ApplOE,11May2016 1:50:20.067,Appliance Ordering System - This Order Status Has Been Successfully Updated To DONE.,-1,,,sv,,,Y
666185,3,1,258,4648923,11May2016 7:33:20.452,30Apr2016 16:40:15.001,ApplOE,2,30Apr2016,30Apr2016,ApplOE,11May2016 1:50:20.067,Appliance Ordering System - This Order Was Successfully Placed With The Vendor. Shipping Number =1JJB059351  2153645701216704554,-1,,,sv,,,Y
666185,4,2,258,4648923,11May2016 7:33:20.477,30Apr2016 16:40:15.001,ApplOE,2,30Apr2016,30Apr2016,ApplOE,11May2016 1:50:20.067,Appliance Ordering System - This Order Status Has Been Successfully Updated To DONE.,-1,,,sv,,,Y
666185,4,1,258,4648923,11May2016 7:33:20.456,30Apr2016 16:40:15.001,ApplOE,2,30Apr2016,30Apr2016,ApplOE,11May2016 1:50:20.067,Appliance Ordering System - This Order Was Successfully Placed With The Vendor. Shipping Number = 666185,-1,,,sv,,,Y
666185,1,1,258,4648923,11May2016 7:33:20.476,30Apr2016 16:40:15.001,ApplOE,2,30Apr2016,30Apr2016,ApplOE,11May2016 1:50:20.067,Appliance Ordering System - This Order Was Successfully Placed With The Vendor. Shipping Number = 666185,-1,,,sv,,,Y
666185,3,2,258,4648923,11May2016 7:33:20.476,30Apr2016 16:40:15.001,ApplOE,2,30Apr2016,30Apr2016,ApplOE,11May2016 1:50:20.067,Appliance Ordering System - This Order Status Has Been Successfully Updated To DONE.,-1,,,sv,,,Y
649373,6,3,258,4620356,02May2016 19:05:06.538,01May2016 13:32:57.001,RTN01,5,01May2016,02May2016,CMV407,02May2016 14:41:26.293,CXB370 processed 3rd party return. Merchandise is with Vendor.,-1,,,sv,,,Y
659201,19,7,258,4793630,21Jun2016 18:45:41.282,01May2016 15:47:32.001,GMA4840,11,02May2016,02May2016,CMV407,21Jun2016 4:00:20.068,Claudia - Customer visited store today with two issues on her recent vinyl and carpet install: 1) the vinyl install was delayed until 5/2/16 which was past the originally expected install date no later than 4/29/16. She has now decided to have someone els,-1,,,sv,,CMV407,Y
659201,19,8,258,4793630,21Jun2016 18:45:41.247,01May2016 15:49:54.001,GMA4840,11,02May2016,02May2016,CMV407,21Jun2016 4:00:20.068,CONT...from binding to the installer until 4/29/16 and she's now being told by RR they can't install it until 5/11/16. Customer is emailing you pictures of how RR left the stairs from the rip-up in mid-April. She wants to have RR come back ASAP with a mor,-1,,,sv,,CMV407,Y
649373,6,4,258,4620356,02May2016 19:05:06.427,02May2016 7:15:50.001,CMV407,11,02May2016,02May2016,CXB370,02May2016 14:41:26.293,"Carolyn-service plans are to be returned to the store, not at 3rd party. Otherwise this is fine",-1,,,sv,,CXB370,Y
666293,1,1,258,4643419,09May2016 18:53:45.989,02May2016 9:31:13.001,INSTLR,5,02May2016,05May2016,CMV407,09May2016 7:32:22.684,"**FROM D30 SVC PROV:ORDER IS ON HOLD. PER EPA STANDARDS ALL HOMES BUILT BEFORE 1978 MUST HAVE A LEAD TEST. HOME WAS BUILT IN 1955. NEED PO FOR 20.00 FOR LEAD TEST. PUT A NOTE INTO THE SYSTEM WHEN CORRECTED. : KYLE,BYRAM",-1,,,sv,,,Y
659201,15,3,258,4793630,21Jun2016 18:45:41.266,02May2016 9:32:55.001,CMV407,4,,,,21Jun2016 4:00:20.068,"I emailed Donnie the photos sent to me by the customer. He is moving up the binding install date. I refunded the customer for the vinyl install, emailed her the receipt and responded to her email with what I had done and what Donnie said was going to happ",-1,,,sv,,,Y
662261,3,2,258,4702576,26May2016 18:54:32.083,02May2016 10:11:07.001,CMV407,3,02May2016,02May2016,XXS9057,26May2016 6:01:58.634,Yes!,-1,,,sv,,,Y
661105,3,2,258,4755016,10Jun2016 18:43:00.484,02May2016 11:04:32.001,SYSCOM,4,,,,10Jun2016 11:39:26.852,** FROM VNDR ATTN:S0308 PRODUCT SHIPPED; EXPECTED DELIVERY ON 2016-05-03T00:00:00-0400 BOL# - 00089590026652958 PRO# - 1Z5XX1170358993668 TRK# - 1Z5XX1170358993668,-1,,,SYSCOM,,,Y
666310,1,1,258,4653906,12May2016 18:47:24.933,02May2016 12:36:53.001,mcConfir,4,02May2016,,,12May2016 3:44:43.520,Measure has been confirmed with vendor.,-1,,,,,,Y
664027,9,1,258,4623757,03May2016 18:53:23.271,02May2016 14:45:46.001,MC1,4,,,,03May2016 11:01:34.079,** READ BEFORE SALE ** Warning: This line item is missing the following rooms: LANDING. Please confirm with customer that they do not want the same product installed in these rooms.. Resolution: on line 2,-1,,,sv,,,N
661105,1,5,258,4755016,10Jun2016 18:43:00.484,02May2016 18:18:50.001,SYSCOM,4,,,,10Jun2016 11:39:26.852,** FROM VNDR ATTN:S01000002 PRODUCT SHIPPED; EXPECTED DELIVERY ON 2016-05-05T00:00:00-0400 BOL# - 6757323 PRO# - 3288 1893-3,-1,,,SYSCOM,,,Y
657612,1,16,258,4856098,09Jul2016 18:41:58.300,02May2016 21:32:14.001,INSTLR,5,02May2016,03May2016,ERS015,09Jul2016 5:58:29.207,"**FROM D30 SVC PROV:to store: please reach out to the customer and let us know if they still want the measure or to cancel the PO. have them call us at 770-591-5701 to schedule. putting on hold 1 week : XML,SYSTEM",-1,,,sv,,,Y
661105,1,6,258,4755016,10Jun2016 18:43:00.511,03May2016 8:19:10.001,CMV407,11,03May2016,09May2016,GXN6917,10Jun2016 11:39:26.852,Geraldine-please see previous note and contact the customer.,-1,,,sv,,GXN6917,Y
661105,1,7,258,4755016,10Jun2016 18:43:00.492,03May2016 8:20:15.001,CMV407,11,09May2016,06May2016,CMV407,10Jun2016 11:39:26.852,**Johnson - follow up with Geraldine,-1,,,sv,,CMV407,Y
662261,3,3,258,4702576,26May2016 18:54:32.126,03May2016 10:13:02.001,INSTLR,5,03May2016,03May2016,ERS015,26May2016 6:01:58.634,"**FROM D30 SVC PROV:LM : XML,SYSTEM",-1,,,sv,,,Y
657612,1,17,258,4856098,09Jul2016 18:41:58.293,03May2016 13:11:43.001,ERS015,3,05May2016,03May2016,ERS015,09Jul2016 5:58:29.207,"05/03 I lmom again for the customer. If he doesn't response in a couple of days, I will cancel the measure. Thanks Ella",-1,,,sv,,,Y
657612,1,18,258,4856098,09Jul2016 18:41:58.300,03May2016 13:13:05.001,ERS015,11,05May2016,12May2016,ERS015,09Jul2016 5:58:29.207,05/03 Robins: he need to call Jd Doors to measure for a door.,-1,,,sv,,ERS015,Y
657612,1,19,258,4856098,09Jul2016 18:41:58.293,03May2016 13:13:49.001,ERS015,4,,,,09Jul2016 5:58:29.207,Status: Customer not ready - 7 days- 05/3 pushing out the date. No response from the customer,-1,,,sv,,,Y
661105,1,8,258,4755016,10Jun2016 18:43:00.493,03May2016 13:36:53.001,GXN6917,4,,,,10Jun2016 11:39:26.852,I spoke with Dione. She stated she seen the sample of the wood at another location and did not like the color. I suggested that she wait for the flooring to come into the store so she can look at a the actual flooring and not a sample.,-1,,,sv,,,Y
661105,1,9,258,4755016,10Jun2016 18:43:00.491,03May2016 13:37:21.001,GXN6917,4,,,,10Jun2016 11:39:26.852,I will call her when the tile gets in so she can see it,-1,,,sv,,,Y
661105,1,10,258,4755016,10Jun2016 18:43:00.484,03May2016 13:37:56.001,GXN6917,11,03May2016,04May2016,CMV407,10Jun2016 11:39:26.852,claudia: see prev notes,-1,,,sv,,CMV407,Y
666293,2,1,258,4643419,09May2016 18:53:45.993,03May2016 14:21:37.001,CMV407,3,03May2016,04May2016,KXB9439,09May2016 7:32:22.684,Here's the PO for the lead test,-1,,,sv,,,Y
664027,26,2,258,4776001,16Jun2016 18:37:23.934,03May2016 15:09:54.001,MC1,4,,,,16Jun2016 5:52:13.057,** READ BEFORE SALE ** Installer Issue(s): Installer will not install this type of floating flooring on stairs. Remove stairs from quote or discuss alternatives. . . Resolution: THD to discuss,-1,,,sv,,,Y
664027,27,1,258,4776001,16Jun2016 18:37:23.954,03May2016 15:09:54.001,MC1,4,,,,16Jun2016 5:52:13.057,"** READ BEFORE SALE ** Warning: This line item is missing the following rooms: CLOSET, BEDS, STAIRS. Please confirm with customer that they do not want the same product installed in these rooms.. Resolution: THD to discuss",-1,,,sv,,,Y
664027,26,1,258,4776001,16Jun2016 18:37:24.057,03May2016 15:09:54.001,MC1,4,,,,16Jun2016 5:52:13.057,** READ BEFORE SALE ** Warning: This line item is missing the following rooms: BATH. Please confirm with customer that they do not want the same product installed in these rooms.. Resolution: THD to discuss,-1,,,sv,,,Y
662261,3,4,258,4702576,26May2016 18:54:32.095,03May2016 17:39:17.001,ERS015,3,05May2016,03May2016,XXS9057,26May2016 6:01:58.634,05/03 The customer cancelled the install. Thanks Ella,-1,,,sv,,,Y
661105,1,11,258,4755016,10Jun2016 18:43:00.509,04May2016 13:44:20.001,CMV407,4,,,,10Jun2016 11:39:26.852,Restock Fee of $736.89 will be charge at time of cancellation. Customer has been emailed this figure.,-1,,,sv,,,Y
666293,1,2,258,4643419,09May2016 18:53:45.999,04May2016 15:03:25.001,INSTLR,5,04May2016,05May2016,CMV407,09May2016 7:32:22.684,"**FROM D30 SVC PROV:Left message trying to schedule site check. : JEFF,DEEGAN",-1,,,sv,,,Y
664027,27,2,258,4776001,16Jun2016 18:37:23.954,04May2016 15:55:01.001,INSTLR,5,04May2016,05May2016,CMV407,16Jun2016 5:52:13.057,"**FROM D23 SVC PROV:Pls let us know when the cust has all mat for the install thanks  : XML,SYSTEM",-1,,,sv,,,Y
664027,25,1,258,4776001,16Jun2016 18:37:24.057,04May2016 16:09:55.001,INSTLR,5,04May2016,05May2016,CMV407,16Jun2016 5:52:13.057,"**FROM D23 SVC PROV:Per measure vanity area and bath 1 are on ply.. foyer is on concrete.. backer board should be 41 sf.. pls adjust. Pls swap the Nat Gray fusion grout to stock Nat gray grout. Add stain blocke : XML,SYSTEM",-1,,,sv,,,Y
664027,25,2,258,4776001,16Jun2016 18:37:23.934,04May2016 16:10:20.001,INSTLR,5,04May2016,05May2016,CMV407,16Jun2016 5:52:13.057,"**FROM D23 SVC PROV:r. Pls add flex bond we need to use it plywood installs.. pls let us know when the the cust has all mat.. pls make sure all tile is same dye lot thanks  : XML,SYSTEM",-1,,,sv,,,Y
664027,26,3,258,4776001,16Jun2016 18:37:23.954,04May2016 16:13:37.001,INSTLR,5,04May2016,05May2016,CMV407,16Jun2016 5:52:13.057,"**FROM D23 SVC PROV:Claudia: Theses stairs are open w, spindles. I will reach out to Wendy to see if HDMS contacted her.. will let ya know thanks Ru : XML,SYSTEM",-1,,,sv,,,Y
664027,7,1,258,4776001,16Jun2016 18:37:23.954,05May2016 6:55:09.001,CMV407,11,05May2016,18May2016,CMV407,16Jun2016 5:52:13.057,"***Evans-cancel Fusion Grout and add in stock product, adjust backerboard to 41SF, add stain blocker and flex bond",-1,,,sv,,CMV407,Y
666293,1,3,258,4643419,09May2016 18:53:46.049,05May2016 7:01:18.001,CMV407,11,05May2016,09May2016,CMV407,09May2016 7:32:22.684,*Dobes-see Danielle.,-1,,,sv,,CMV407,Y
666293,1,4,258,4643419,09May2016 18:53:45.978,05May2016 7:02:20.001,CMV407,3,05May2016,05May2016,KXB9439,09May2016 7:32:22.684,Customer has cancelled the installation,-1,,,sv,,,Y
666293,1,5,258,4643419,09May2016 18:53:45.997,05May2016 8:40:53.001,INSTLR,5,05May2016,05May2016,CMV407,09May2016 7:32:22.684,"**FROM D30 SVC PROV:PER VOICEMAIL CUSTOMER HAS CANCELLED. CANCEL PO IN THE SYSTEM : KYLE,BYRAM",-1,,,sv,,,Y
666293,2,2,258,4643419,09May2016 18:53:45.989,05May2016 8:41:25.001,INSTLR,5,05May2016,05May2016,CMV407,09May2016 7:32:22.684,"**FROM D30 SVC PROV:PER VOICEMAIL CUSTOMER HAS CANCELLED. CANCEL PO IN THE SYSTEM : KYLE,BYRAM",-1,,,sv,,,Y
664027,26,4,258,4776001,16Jun2016 18:37:23.954,05May2016 9:45:39.001,INSTLR,5,05May2016,05May2016,CMV407,16Jun2016 5:52:13.057,"**FROM D23 SVC PROV:Claudia: Here is Wendys info for the stairs. No one asked her about the stairs for this customer. Looks like per notes HDMS handed this one off to the store. We would charge 75 each for the : XML,SYSTEM",-1,,,sv,,,Y
664027,26,5,258,4776001,16Jun2016 18:37:24.057,05May2016 9:46:02.001,INSTLR,5,05May2016,05May2016,CMV407,16Jun2016 5:52:13.057,"**FROM D23 SVC PROV: open on one side and the customer has to remove the spindles. We  do see they sold returns. The customer needs to be told about add charges and the removal of spindles. They are responsible : XML,SYSTEM",-1,,,sv,,,Y
664027,26,6,258,4776001,16Jun2016 18:37:23.939,05May2016 9:46:23.001,INSTLR,5,05May2016,05May2016,CMV407,16Jun2016 5:52:13.057,"**FROM D23 SVC PROV: for the removal. If they dont wanna move forward this.. this po would need to be canceld.   Pls let me know what happens w, this one.. thanks Ru : XML,SYSTEM",-1,,,sv,,,Y
664027,26,7,258,4776001,16Jun2016 18:37:23.940,05May2016 11:24:35.001,CMV407,11,05May2016,05May2016,KXP1071,16Jun2016 5:52:13.057,Katie-please see previous notes and partner with Samira,-1,,,sv,,KXP1071,Y
666813,2,1,258,4633302,06May2016 18:51:31.087,05May2016 16:58:35.001,MC1,4,,,,06May2016 6:38:13.207,"** READ BEFORE SALE ** Warning: The following rooms had a prior leak or have standing water: LR, BED1(GUEST)/CLOS1. . Resolution: per Alta at thd will discuss",-1,,,sv,,,N
664027,8,2,258,4776001,16Jun2016 18:37:23.954,05May2016 19:15:55.001,SYSCOM,4,,,,16Jun2016 5:52:13.057,** FROM VNDR ATTN:S0808 PRODUCT SHIPPED; EXPECTED DELIVERY ON 2016-05-15T00:00:00-0400 BOL# - 585942 PRO# - 621498160505 TRK# - 1Z2EY2490394663019,-1,,,SYSCOM,,,Y
661105,1,12,258,4755016,10Jun2016 18:43:00.509,06May2016 11:55:18.001,CMV407,11,06May2016,20May2016,CMV407,10Jun2016 11:39:26.852,Create S/O rtv tags for SO1 and SO2,-1,,,sv,,CMV407,Y
661105,15,7,258,4755016,10Jun2016 18:43:00.493,06May2016 11:56:11.001,CMV407,3,06May2016,06May2016,AXS9276,10Jun2016 11:39:26.852,Customer has canceled this installation,-1,,,sv,,,Y
662869,1,4,258,4695604,24May2016 18:51:03.698,06May2016 12:56:02.001,ERS015,3,10May2016,13May2016,PXO9720,24May2016 8:40:37.778,05/06 Please provide an update on install. Thanks Ella,-1,,,sv,,,Y
662869,1,5,258,4695604,24May2016 18:51:03.696,06May2016 13:06:30.001,ERS015,4,,,,24May2016 8:40:37.778,Checking Status: Left Message - 2 days- waiting on update,-1,,,sv,,,Y
664027,25,3,258,4776001,16Jun2016 18:37:23.939,06May2016 14:08:21.001,CMV407,3,06May2016,06May2016,AXS9276,16Jun2016 5:52:13.057,"Tile, Laminate and Wood installs are canceled",-1,,,sv,,,Y
666813,9,6,258,4635157,07May2016 7:33:41.355,06May2016 15:43:42.001,MC1,4,,,,06May2016 14:42:31.710,** READ BEFORE SALE ** CONT: using a new SKU and price for the moldings or the customer can purchase the moldings on their own and the charge will be removed from the quote.. Resolution: NOT REVIEWED,-1,,,sv,,,N
666813,9,5,258,4635157,07May2016 7:33:41.359,06May2016 15:43:42.001,MC1,4,,,,06May2016 14:42:31.710,** READ BEFORE SALE ** Warning: A default base molding was chosen for this job. Customer must understand and approve this specific molding choice or they must visit the store to reselect to the molding that they prefer and the quote must be rebuilt (CONT),-1,,,sv,,,N
664027,1,1,258,4776001,16Jun2016 18:37:23.954,06May2016 16:04:54.001,SYSCOM,5,06May2016,09May2016,CMV407,16Jun2016 5:52:13.057,** FROM VNDR ATTN:S01 VENDOR ACCEPTED PO CANCEL,-1,,,SYSCOM,,,Y
666813,9,4,258,4635157,07May2016 7:33:41.359,06May2016 18:43:03.001,MC1,4,,,,06May2016 14:47:59.972,** READ BEFORE SALE ** CONT: using a new SKU and price for the moldings or the customer can purchase the moldings on their own and the charge will be removed from the quote.. Resolution: THD to ADV,-1,,,sv,,,N
666813,8,1,258,4845546,06Jul2016 19:04:31.366,07May2016 13:41:04.001,MC1,4,,,,06Jul2016 10:56:08.251,** READ BEFORE SALE ** Warning: This line item has extra rooms on it. Please confirm with the customer that they want the same product installed in them.. Resolution: store to confirm,-1,,,sv,,,Y
666813,8,2,258,4845546,06Jul2016 19:04:31.316,07May2016 13:41:04.001,MC1,4,,,,06Jul2016 10:56:08.251,"** READ BEFORE SALE ** Warning: The following rooms had a prior leak or have standing water: PANTRY, PANTRY, PANTRY. . Resolution: store to confirm",-1,,,sv,,,Y
666813,7,1,258,4845546,06Jul2016 19:04:31.342,07May2016 13:41:04.001,MC1,4,,,,06Jul2016 10:56:08.251,** READ BEFORE SALE ** Warning: This line item has extra rooms on it. Please confirm with the customer that they want the same product installed in them.. Resolution: store to confirm,-1,,,sv,,,Y
666813,8,3,258,4845546,06Jul2016 19:04:31.412,07May2016 13:41:04.001,MC1,4,,,,06Jul2016 10:56:08.251,** READ BEFORE SALE ** Warning: A default base molding was chosen for this job. Customer must understand and approve this specific molding choice or they must visit the store to reselect to the molding that they prefer and the quote must be rebuilt (CONT),-1,,,sv,,,Y
666813,7,2,258,4845546,06Jul2016 19:04:31.330,07May2016 13:41:04.001,MC1,4,,,,06Jul2016 10:56:08.251,"** READ BEFORE SALE ** Warning: The following rooms had a prior leak or have standing water: LR, BED1(GUEST)/CLOS1. . Resolution: NOT REVIEWED",-1,,,sv,,,Y
666813,8,4,258,4845546,06Jul2016 19:04:31.342,07May2016 13:41:04.001,MC1,4,,,,06Jul2016 10:56:08.251,** READ BEFORE SALE ** CONT: using a new SKU and price for the moldings or the customer can purchase the moldings on their own and the charge will be removed from the quote.. Resolution: store to confirm,-1,,,sv,,,Y
661105,15,8,258,4755016,10Jun2016 18:43:00.491,09May2016 8:11:27.001,INSTLR,5,09May2016,09May2016,CMV407,10Jun2016 11:39:26.852,"**FROM D23 SVC PROV:ok thx : XML,SYSTEM",-1,,,sv,,,Y
664027,25,4,258,4776001,16Jun2016 18:37:23.940,09May2016 9:00:44.001,INSTLR,5,09May2016,09May2016,CMV407,16Jun2016 5:52:13.057,"**FROM D23 SVC PROV:ok thx : XML,SYSTEM",-1,,,sv,,,Y
666813,1,2,258,4845546,06Jul2016 19:04:31.366,09May2016 9:08:07.001,SYSCOM,4,,,,06Jul2016 10:56:08.251,** FROM VNDR ATTN:S010001 COST CORRECTION; NEW REQUESTED COST IS $57.89,-1,,,SYSCOM,,,Y
666185,1,4,258,4648923,11May2016 7:33:20.477,09May2016 10:05:39.001,RTN01,5,09May2016,09May2016,CMV407,11May2016 1:50:20.067,CMV407 processed 3rd party return. Merchandise is with Vendor.,-1,,,sv,,,Y
666185,3,3,258,4648923,11May2016 7:33:20.477,09May2016 10:05:39.001,RTN01,5,09May2016,09May2016,CMV407,11May2016 1:50:20.067,CMV407 processed 3rd party return. Merchandise is with Vendor.,-1,,,sv,,,Y
666185,1,5,258,4648923,11May2016 7:33:20.450,09May2016 10:09:03.001,CMV407,4,,,,11May2016 1:50:20.067,LL11141621,-1,,,sv,,,Y
666185,3,4,258,4648923,11May2016 7:33:20.450,09May2016 10:09:33.001,CMV407,4,,,,11May2016 1:50:20.067,BB24358900,-1,,,sv,,,Y
666813,8,5,258,4845546,06Jul2016 19:04:31.330,09May2016 10:41:24.001,INSTLR,5,09May2016,09May2016,CMV407,06Jul2016 10:56:08.251,"**FROM D23 SVC PROV:Pls let us know when all mat is ready for the install thanks  : XML,SYSTEM",-1,,,sv,,,Y
666813,8,6,258,4845546,06Jul2016 19:04:31.317,09May2016 10:45:29.001,CMV407,11,13May2016,18May2016,CMV407,06Jul2016 10:56:08.251,Morrison-RR vinyl cut and ready?,-1,,,sv,,CMV407,Y
664027,7,2,258,4776001,16Jun2016 18:37:23.940,09May2016 11:34:26.001,SYSCOM,4,,,,16Jun2016 5:52:13.057,** FROM VNDR ATTN:S0707 PRODUCT SHIPPED; EXPECTED DELIVERY ON 2016-05-09T00:00:00-0400 TRK# - 011333050305020,-1,,,SYSCOM,,,Y
589107,18,26,258,4643419,09May2016 18:53:45.978,09May2016 12:00:40.250,INSTLR,5,09May2016,09May2016,CMV407,09May2016 13:25:15.102,"**FROM D59 SVC PROV:UPLOADED THE WAIVER AND A REPAIR FORM : JASON,PIRKLE",-1,,,,,,Y
589107,19,1,258,4646934,10May2016 18:48:59.140,09May2016 13:24:45.965,CMV407,3,,10May2016,TXH9945,10May2016 11:59:54.674,Here's the trip charge and the ladder fee to replace the motor.,-1,,,,,,Y
666813,2,2,258,4845546,06Jul2016 19:04:31.412,09May2016 17:44:45.001,SYSCOM,4,,,,06Jul2016 10:56:08.251,** FROM VNDR ATTN:S0202 PRODUCT SHIPPED; EXPECTED DELIVERY ON 2016-05-12T00:00:00-0400 BOL# - 5236803 PRO# - 531772,-1,,,SYSCOM,,,Y
666899,1,1,258,4646934,10May2016 18:48:59.140,10May2016 15:14:58.001,INSTLR,5,10May2016,10May2016,ERS015,10May2016 12:35:16.902,"**FROM D30 SVC PROV:CUSTOMER IS SCHEDULED WITH ANOTHER INSTALLER WANTS TO CANCEL THIS ORDER : XML,SYSTEM",-1,,,sv,,,Y
657866,1,8,258,4744673,07Jun2016 18:48:39.564,11May2016 10:16:28.001,CMV407,4,,,,07Jun2016 7:53:44.263,Other - 10 days- customer is researching other options for her stairs with Katie,-1,,,sv,,,Y
657866,2,3,258,4744673,07Jun2016 18:48:39.578,11May2016 10:17:09.001,CMV407,11,12May2016,11May2016,KXP1071,07Jun2016 7:53:44.263,Other - 10 days- Katie-please let me know the results of your research re: the customer's options.,-1,,,sv,,KXP1071,Y
666813,7,3,258,4845546,06Jul2016 19:04:31.317,11May2016 10:18:58.001,INSTLR,5,11May2016,11May2016,CMV407,06Jul2016 10:56:08.251,"**FROM D23 SVC PROV:The 110 lf of base need to be added to the vinyl order so its sched at same time thanks  : XML,SYSTEM",-1,,,sv,,,Y
666813,15,1,258,4845546,06Jul2016 19:04:31.317,11May2016 12:01:50.001,CMV407,3,11May2016,11May2016,AXS9276,06Jul2016 10:56:08.251,Ru-here's the correct PO for the QR and baseboard.,-1,,,sv,,,Y
666813,15,2,258,4845546,06Jul2016 19:04:31.366,11May2016 12:03:21.001,CMV407,11,11May2016,19May2016,GXN6917,06Jul2016 10:56:08.251,Geraldine-the QR and baseboard have to be on a vinyl PO. I have made the corrections. Please call customer for B/D. Rukel has asked that we make sure the molding is with the vinyl on pick up day.,-1,,,sv,,GXN6917,Y
666813,1,3,258,4845546,06Jul2016 19:04:31.316,11May2016 17:40:44.001,SYSCOM,4,,,,06Jul2016 10:56:08.251,** FROM VNDR ATTN:S0101 PRODUCT SHIPPED; EXPECTED DELIVERY ON 2016-05-11T00:00:00-0400 BOL# - 215590240 PRO# - 1Z3867790346895834 TRK# - 1Z3867790346895834,-1,,,SYSCOM,,,Y
666813,1,4,258,4845546,06Jul2016 19:04:31.317,11May2016 20:38:34.001,GXN6917,11,12May2016,14May2016,AAT0178,06Jul2016 10:56:08.251,"Alta: Please pull instock items. Any time you sell a quote with instock materials, pull those instock items asap. Just fyi. thank you",-1,,,sv,,AAT0178,Y
666813,15,3,258,4845546,06Jul2016 19:04:31.316,12May2016 9:13:05.001,INSTLR,5,12May2016,12May2016,CMV407,06Jul2016 10:56:08.251,"**FROM D23 SVC PROV:thank you : XML,SYSTEM",-1,,,sv,,,Y
657612,1,20,258,4856098,09Jul2016 18:41:58.331,12May2016 10:40:16.001,ERS015,3,16May2016,12May2016,XXS9057,09Jul2016 5:58:29.207,05/12 cancelling po. Customer never responded.,-1,,,sv,,,Y
666813,9,1,258,4845546,06Jul2016 19:04:31.412,12May2016 11:45:42.001,INSTLR,5,12May2016,12May2016,CMV407,06Jul2016 10:56:08.251,"**FROM D23 SVC PROV:baseboard needs to be taken off of this order and added to the vinyl order, carpet installers do not install baseboards. : XML,SYSTEM",-1,,,sv,,,Y
666813,9,2,258,4845546,06Jul2016 19:04:31.342,12May2016 12:13:54.001,CMV407,3,12May2016,12May2016,AXS9276,06Jul2016 10:56:08.251,Baseboards are no longer on the carpet order. There is a new vinyl PO for them. 21493914,-1,,,sv,,,Y
662869,1,6,258,4695604,24May2016 18:51:03.727,12May2016 13:02:13.001,ERS015,4,,,,24May2016 8:40:37.778,05/12 Gina/installer said that someone left a note about the customer. She will contact the installer to get an update because the order is rather old.,-1,,,sv,,,Y
662869,1,7,258,4695604,24May2016 18:51:03.694,12May2016 13:02:44.001,ERS015,4,,,,24May2016 8:40:37.778,Checking Status: Email/PN Note Sent - 2 days- 05/12 requested update.,-1,,,sv,,,Y
657612,1,21,258,4856098,09Jul2016 18:41:58.331,12May2016 13:04:53.001,ERS015,4,,,,09Jul2016 5:58:29.207,Checking Status: Email/PN Note Sent - 2 days- 05/12 emailing customer,-1,,,sv,,,Y
666813,9,3,258,4845546,06Jul2016 19:04:31.316,13May2016 7:59:50.001,INSTLR,5,13May2016,13May2016,CMV407,06Jul2016 10:56:08.251,"**FROM D23 SVC PROV:thank you : XML,SYSTEM",-1,,,sv,,,Y
666813,8,7,258,4845546,06Jul2016 19:04:31.366,13May2016 9:29:20.001,CMV407,3,13May2016,13May2016,AXS9276,06Jul2016 10:56:08.251,Vinyl is cut and all material including the adhesive is ready for installer pick up. Please schedule the installation,-1,,,sv,,,Y
666813,8,8,258,4845546,06Jul2016 19:04:31.316,13May2016 9:30:27.001,CMV407,11,13May2016,14May2016,AAT0178,06Jul2016 10:56:08.251,Alta-please make sure that the molding and is ready for pick up,-1,,,sv,,AAT0178,Y
666813,8,9,258,4845546,06Jul2016 19:04:31.412,13May2016 9:30:52.001,CMV407,11,16May2016,16May2016,CMV407,06Jul2016 10:56:08.251,Morrison-installer pick up?,-1,,,sv,,CMV407,Y
666813,8,10,258,4845546,06Jul2016 19:04:31.342,13May2016 11:01:16.001,INSTLR,5,13May2016,13May2016,CMV407,06Jul2016 10:56:08.251,"**FROM D23 SVC PROV:Thanks  : XML,SYSTEM",-1,,,sv,,,Y
666813,15,4,258,4845546,06Jul2016 19:04:31.412,13May2016 15:09:30.001,INSTLR,5,13May2016,13May2016,GXN6917,06Jul2016 10:56:08.251,"**FROM D23 SVC PROV:Customer called to schedule declined 5,24 says HD told her all surfaces would be installed no later than 5,16. Cust carpet sched 5,16. Advised I will check with office for sooner date will c : XML,SYSTEM",-1,,,sv,,,Y
666813,15,5,258,4845546,06Jul2016 19:04:31.330,13May2016 15:09:44.001,INSTLR,5,13May2016,13May2016,GXN6917,06Jul2016 10:56:08.251,"**FROM D23 SVC PROV:all cust back to schedule.   : XML,SYSTEM",-1,,,sv,,,Y
666813,8,11,258,4845546,06Jul2016 19:04:31.330,13May2016 17:53:37.001,GXN6917,11,16May2016,16May2016,CMV407,06Jul2016 10:56:08.251,"Claudia: As per Alta, all materials including additional baseboard and QR has been pulled and located in willcall. See prev note from RR.",-1,,,sv,,CMV407,Y
667340,4,1,258,4771162,15Jun2016 7:45:15.328,13May2016 21:04:04.001,RJR3602,11,13May2016,15Jun2016,DKJ5868,15Jun2016 3:06:00.614,still hot.  i will call overhead tom and mon.  Darryl maybe you can beat me to it mon.  We heed someine to go over there and be just totaLLY POLITE.,-1,,,sv,,DKJ5868,Y
666813,10,1,258,4845546,06Jul2016 19:04:31.342,14May2016 12:27:27.001,AAT0178,11,16May2016,16May2016,CMV407,06Jul2016 10:56:08.251,All Vinyl and moulding are located at PR-011 Will-Call. Adhesive SD-022.,-1,,,,,CMV407,Y
666813,10,2,258,4845546,06Jul2016 19:04:31.330,14May2016 12:27:48.001,AAT0178,11,16May2016,17May2016,GXN6917,06Jul2016 10:56:08.251,All Vinyl and moulding are located at PR-011 Will-Call. Adhesive SD-022.,-1,,,,,GXN6917,Y
657866,1,9,258,4744673,07Jun2016 18:48:39.569,16May2016 9:26:10.001,CMV407,11,16May2016,18May2016,GXN6917,07Jun2016 7:53:44.263,Geraldine-I emailed the customer re: Katie's note and our converstaion.,-1,,,sv,,GXN6917,Y
662869,1,8,258,4695604,24May2016 18:51:03.721,16May2016 11:34:42.001,CMV407,4,,,,24May2016 8:40:37.778,Ella-according to the distributor an installation was scheduled without the measure and I was instructed to cancel this PO,-1,,,sv,,,Y
664027,8,3,258,4776001,16Jun2016 18:37:23.954,17May2016 10:24:18.001,CMV407,11,17May2016,18May2016,CMV407,16Jun2016 5:52:13.057,RGA# R855297,-1,,,sv,,CMV407,Y
667226,9,1,258,4718786,31May2016 7:33:17.365,17May2016 10:28:01.001,CMV407,11,17May2016,18May2016,MXS0761,30May2016 23:52:42.668,This PO is a partial receive. Missing (1) of SO913 and (4) of SO915,-1,,,sv,,MXS0761,Y
667226,9,2,258,4718786,31May2016 7:33:17.385,17May2016 10:28:14.001,CMV407,4,,,,30May2016 23:52:42.668,ETA Passed: LM for Vendor - 2 days- see previous,-1,,,sv,,,Y
589107,19,2,258,4671437,17May2016 18:49:53.601,17May2016 14:52:30.157,CMV407,4,,,,17May2016 14:52:30.157,Other - 10 days- waiting for the customer to receive the replacement battery,-1,,,,,,Y
589107,19,3,258,4674891,18May2016 18:53:44.100,17May2016 14:56:49.967,CMV407,3,,18May2016,TXH9945,18May2016 10:49:18.515,According to Springs the replacement motor delivered to the customer on 5/12 via Fed Ex. Please make arrangements to replace the defective one.,-1,,,,,,Y
589107,19,4,258,4671437,17May2016 18:49:53.600,17May2016 14:57:24.338,CMV407,4,,,,17May2016 14:57:24.338,Fed Ex # 017604571272578 for motor,-1,,,,,,Y
589107,19,5,258,4674891,18May2016 18:53:44.102,17May2016 14:58:22.511,CMV407,11,17May2016,18May2016,RXB5688,18May2016 10:39:24.147,Ramona-Saumi received the motor on 5/12. Please make sure that the replacement appt is scheduled. Partner with Leon if necessary,-1,,,,,RXB5688,Y
589107,19,6,258,4671437,17May2016 18:49:53.586,17May2016 14:58:42.132,CMV407,4,,,,17May2016 14:58:42.132,Status: Customer not ready - 7 days- see previous,-1,,,,,,Y
666813,14,1,258,4845546,06Jul2016 19:04:31.317,17May2016 15:42:27.001,JEO5130,4,,,,06Jul2016 10:56:08.251,"2nd Call to Reschedule - 7 days- See previous note, thanks",-1,,,,,,Y
666813,14,2,258,4845546,06Jul2016 19:04:31.366,17May2016 15:43:26.001,JEO5130,4,,,,06Jul2016 10:56:08.251,"2nd Call to Reschedule - 7 days- See previous note, thanks",-1,,,,,,Y
589107,19,7,258,4674891,18May2016 18:53:44.109,18May2016 10:42:11.125,RXB5688,3,,18May2016,TXH9945,18May2016 10:49:32.413,"Jason, Saumi had the replacement motor for her cellular shades. Please contact Saumi and Leon, Bali, with a install date. Thanks",-1,,,,,,Y
589107,19,8,258,4674891,18May2016 18:53:44.109,18May2016 10:50:17.459,INSTLR,5,18May2016,18May2016,CMV407,18May2016 10:53:00.359,"**FROM D59 SVC PROV:WILL WORK ON A DATE AND LET YOU KNOW WHEN SET : THOMAS,HICKS",-1,,,,,,Y
589107,19,9,258,4674891,18May2016 18:53:44.121,18May2016 10:53:35.270,CMV407,11,18May2016,18May2016,RXB5688,18May2016 11:58:24.456,Ramona-please see previous and follow up while I'm on vacation,-1,,,,,RXB5688,Y
664027,7,3,258,4776001,16Jun2016 18:37:24.057,18May2016 11:32:11.001,CMV407,11,08Jun2016,16Jun2016,CMV407,16Jun2016 5:52:13.057,Evans - RTV tags for SO7 and SO8,-1,,,sv,,CMV407,Y
589107,19,10,258,4674891,18May2016 18:53:44.109,18May2016 11:39:35.928,INSTLR,5,18May2016,18May2016,CMV407,18May2016 12:57:49.934,"**FROM D59 SVC PROV:LADDER CHARGE IS OVERSIZED LADDER..$30 ... PO IS PAYING REG FEE : JASON,PIRKLE",-1,,,,,,Y
657866,1,10,258,4744673,07Jun2016 18:48:39.570,18May2016 12:12:30.001,RTN01,5,18May2016,18May2016,CMV407,07Jun2016 7:53:44.263,CMV407 Returned S03 Merchandise is with Installer.,-1,,,sv,,,Y
657866,1,11,258,4744673,07Jun2016 18:48:39.602,18May2016 12:16:22.001,CMV407,3,18May2016,18May2016,AXS9276,07Jun2016 7:53:44.263,Customer canceled the install. I will send the RA paperwork to Matt as soon as I receive it from the vendor,-1,,,sv,,,Y
657866,3,3,258,4744673,07Jun2016 18:48:39.564,18May2016 12:18:06.001,CMV407,11,18May2016,20May2016,MME85H,07Jun2016 7:53:44.263,"Maggie-please process this refund and the one on Order # 22216. Thanks, Claudia",-1,,,sv,,MME85H,Y
589107,20,1,258,4674891,18May2016 18:53:44.120,18May2016 12:57:42.491,CMV407,3,,18May2016,JXP9970,18May2016 13:05:22.230,Here you go!,-1,,,,,,Y
657866,1,12,258,4744673,07Jun2016 18:48:39.572,19May2016 9:38:20.001,INSTLR,5,19May2016,19May2016,CMV407,07Jun2016 7:53:44.263,"**FROM D23 SVC PROV:ok thx : XML,SYSTEM",-1,,,sv,,,Y
666813,8,12,258,4845546,06Jul2016 19:04:31.317,20May2016 9:18:08.001,INSTLR,5,20May2016,20May2016,CMV407,06Jul2016 10:56:08.251,"**FROM D23 SVC PROV:Pls have all mat ready for p,u 5,24 thanks  : XML,SYSTEM",-1,,,sv,,,Y
666813,8,13,258,4845546,06Jul2016 19:04:31.366,20May2016 9:27:20.001,CMV407,11,20May2016,20May2016,AAT0178,06Jul2016 10:56:08.251,Alta-please see previous,-1,,,sv,,AAT0178,Y
657866,3,4,258,4744673,07Jun2016 18:48:39.569,20May2016 9:28:44.001,CMV407,3,20May2016,20May2016,CMV407,07Jun2016 7:53:44.263,Ra paperwork sent to Matt,-1,,,sv,,,Y
657866,3,5,258,4744673,07Jun2016 18:48:39.570,20May2016 9:29:07.001,CMV407,11,09Jun2016,20May2016,CMV407,07Jun2016 7:53:44.263,Evans-RGA??,-1,,,sv,,CMV407,Y
657866,1,13,258,4744673,07Jun2016 18:48:39.578,20May2016 14:17:27.001,INSTLR,5,20May2016,20May2016,CMV407,07Jun2016 7:53:44.263,"**FROM D23 SVC PROV:VPO#21535854 Shipped to Mohawk BOL#6873724 (see store portal for BOL) : XML,SYSTEM",-1,,,sv,,,Y
657866,1,14,258,4744673,07Jun2016 18:48:39.564,20May2016 14:39:34.001,CMV407,3,20May2016,20May2016,AXS9276,07Jun2016 7:53:44.263,Thanks!!,-1,,,sv,,,Y
657866,1,15,258,4744673,07Jun2016 18:48:39.569,20May2016 14:40:08.001,CMV407,11,09Jun2016,07Jun2016,CMV407,07Jun2016 7:53:44.263,Evans-RGA for carpet?,-1,,,sv,,CMV407,Y
657866,1,16,258,4744673,07Jun2016 18:48:39.570,23May2016 9:48:55.001,INSTLR,5,23May2016,23May2016,GXN6917,07Jun2016 7:53:44.263,"**FROM D23 SVC PROV:thank you... : XML,SYSTEM",-1,,,sv,,,Y
666813,14,3,258,4845546,06Jul2016 19:04:31.412,23May2016 13:12:40.001,JEO5130,4,,,,06Jul2016 10:56:08.251,"2nd Call to Reschedule - 7 days- See previous note, pushing this out, thanks",-1,,,,,,Y
666813,14,4,258,4845546,06Jul2016 19:04:31.342,23May2016 13:13:08.001,JEO5130,4,,,,06Jul2016 10:56:08.251,"2nd Call to Reschedule - 7 days- See previous note, thanks",-1,,,,,,Y
589107,20,2,258,4699105,25May2016 18:51:06.217,24May2016 11:35:22.803,SAM5433,3,,25May2016,JXP9970,25May2016 11:48:49.128,05/24/16: Please call customer to schedule install she has the motor and we need to arrange the right time for Leon to go out for customer before he goes on vacation.,-1,,,,,,Y
589107,20,3,258,4699105,25May2016 18:51:06.215,24May2016 11:35:43.081,SAM5433,11,26May2016,25May2016,SAM5433,25May2016 11:59:52.721,Install date,-1,,,,,SAM5433,Y
664027,7,4,258,4776001,16Jun2016 18:37:23.934,25May2016 9:41:48.001,JRW4609,11,07Jun2016,10Jun2016,CMV407,16Jun2016 5:52:13.057,product is located in sd-03,-1,,,sv,,CMV407,Y
589107,20,4,258,4699105,25May2016 18:51:06.213,25May2016 11:02:28.455,INSTLR,5,25May2016,25May2016,SAM5433,25May2016 11:59:26.742,"**FROM D59 SVC PROV:SCHEDULED FOR WED 6/8/2016  10AM-12 NOON : JASON,PIRKLE",-1,,,,,,Y
657866,3,6,258,4744673,07Jun2016 18:48:39.572,07Jun2016 11:45:41.001,CMV407,4,,,,07Jun2016 7:53:44.263,RGA# R6873724,-1,,,sv,,,Y
661105,3,3,258,4755016,10Jun2016 18:43:00.509,08Jun2016 13:08:44.001,CMV407,11,08Jun2016,09Jun2016,BRE597,10Jun2016 11:39:26.852,"Brian-if an order is built and a line deleted the numbers will no longer be in sequence. For SO3, the Zamma molding, an RGA will not be given. It will all have to be green tagged.",-1,,,sv,,BRE597,Y
661105,1,13,258,4755016,10Jun2016 18:43:00.511,08Jun2016 13:16:14.001,CMV407,4,,,,10Jun2016 11:39:26.852,RTV worksheet faxed again to Donna @ Bruce,-1,,,sv,,,Y
589107,20,5,258,4751579,09Jun2016 18:43:44.129,09Jun2016 9:03:28.546,INSTLR,5,09Jun2016,09Jun2016,CMV407,09Jun2016 10:03:13.127,"**FROM D59 SVC PROV:UPLOADED WAIVER : JASON,PIRKLE",-1,,,,,,Y
661105,3,4,258,4755016,10Jun2016 18:43:00.511,09Jun2016 9:59:00.001,BRE597,11,09Jun2016,09Jun2016,CMV407,10Jun2016 11:39:26.852,Got it. Thanks.,-1,,,sv,,CMV407,Y
589107,20,6,258,4751579,09Jun2016 18:43:44.136,09Jun2016 10:03:03.239,CMV407,11,09Jun2016,09Jun2016,RXB5688,09Jun2016 10:21:46.362,Ramona-please follow up with Saumi. Job is complete,-1,,,,,RXB5688,Y
661105,1,14,258,4755016,10Jun2016 18:43:00.492,10Jun2016 13:45:19.001,CMV407,4,,,,10Jun2016 11:39:26.852,RGA# 61577816 -destroy or donate 50% credit ($58.65),-1,,,sv,,,Y
661105,1,15,258,4755016,10Jun2016 18:43:00.493,10Jun2016 13:48:49.001,CMV407,11,10Jun2016,10Jun2016,BRE597,10Jun2016 11:39:26.852,Brian-please see previous,-1,,,sv,,BRE597,Y
666813,14,5,258,4845546,06Jul2016 19:04:31.316,27Jun2016 16:34:10.001,DAA4787,4,,,,06Jul2016 10:56:08.251,Customer Not Ready - 7 days- Called customer to follow up with order. Unsure if cust. has received merc or not. Will call back in a week,-1,,,,,,Y
666813,14,6,258,4845546,06Jul2016 19:04:31.330,02Jul2016 18:53:44.001,DE454I,11,04Jul2016,03Jul2016,DAA4787,06Jul2016 10:56:08.251,"Danielle, please let me know if this product needs to be pulled. I do not see it back there.",-1,,,,,DAA4787,Y
666813,14,7,258,4845546,06Jul2016 19:04:31.317,06Jul2016 14:55:07.001,TAM5409,4,,,,06Jul2016 10:56:08.251,spoke with customer... she stated that she already had the merch and it has been installed along with her carpet install,-1,,,sv,,,Y
